run,time,q0,q1
0,0.002,0.86047,-1.44629
0,0.022,0.85494,-1.43499
0,0.042,0.84124,-1.40736
0,0.062,0.81976,-1.36451
0,0.082,0.79087,-1.30723
0,0.102,0.75488,-1.23611
0,0.122,0.71214,-1.15167
0,0.142,0.66301,-1.05446
0,0.162,0.60792,-0.94527
0,0.182,0.54749,-0.82543
0,0.202,0.48261,-0.69718
0,0.222,0.41466,-0.56425
0,0.242,0.34558,-0.43208
0,0.262,0.27777,-0.30743
0,0.282,0.21352,-0.19683
0,0.302,0.15446,-0.10468
0,0.322,0.10126,-0.03247
0,0.342,0.05382,0.02068
0,0.362,0.01164,0.05692
0,0.382,-0.0259,0.07883
0,0.402,-0.05942,0.08899
0,0.422,-0.08946,0.0898
0,0.442,-0.11651,0.08342
0,0.462,-0.14097,0.07176
0,0.482,-0.16318,0.05646
0,0.502,-0.18342,0.03892
0,0.522,-0.20187,0.02028
0,0.542,-0.21869,0.00144
0,0.562,-0.23394,-0.01691
0,0.582,-0.24765,-0.03429
0,0.602,-0.25982,-0.05037
0,0.622,-0.2704,-0.06495
0,0.642,-0.27935,-0.07793
0,0.662,-0.28661,-0.08927
0,0.682,-0.29211,-0.09897
0,0.702,-0.2958,-0.10708
0,0.722,-0.29764,-0.11365
0,0.742,-0.2976,-0.11874
0,0.762,-0.29568,-0.1224
0,0.782,-0.29187,-0.12469
0,0.802,-0.2862,-0.12568
0,0.822,-0.2787,-0.1254
0,0.842,-0.26943,-0.12392
0,0.862,-0.25845,-0.12128
0,0.882,-0.24584,-0.11756
0,0.902,-0.23169,-0.1128
0,0.922,-0.21611,-0.10708
0,0.942,-0.19919,-0.10048
0,0.962,-0.18105,-0.09309
0,0.982,-0.16182,-0.08501
1,0.002,0.07424,2.8303
1,0.022,0.07177,2.82728
1,0.042,0.06567,2.81984
1,0.062,0.05616,2.80816
1,0.082,0.04351,2.79232
1,0.102,0.02797,2.77229
1,0.122,0.00986,2.74796
1,0.142,-0.0105,2.71916
1,0.162,-0.03272,2.68564
1,0.182,-0.05639,2.64714
1,0.202,-0.08106,2.60331
1,0.222,-0.10621,2.55383
1,0.242,-0.13128,2.49834
1,0.262,-0.15565,2.43646
1,0.282,-0.17869,2.36785
1,0.302,-0.19971,2.29213
1,0.322,-0.21805,2.20893
1,0.342,-0.23305,2.11787
1,0.362,-0.24408,2.01856
1,0.382,-0.25058,1.91055
1,0.402,-0.25203,1.79338
1,0.422,-0.24798,1.66654
1,0.442,-0.23808,1.52948
1,0.462,-0.22205,1.38169
1,0.482,-0.19975,1.2228
1,0.502,-0.17126,1.05286
1,0.522,-0.1371,0.87291
1,0.542,-0.09856,0.68604
1,0.562,-0.05818,0.49876
1,0.582,-0.01995,0.32163
1,0.602,0.01168,0.16654
1,0.622,0.0338,0.04117
1,0.642,0.0459,-0.05353
1,0.662,0.04915,-0.12117
1,0.682,0.04527,-0.16669
1,0.702,0.03592,-0.19481
1,0.722,0.02252,-0.20949
1,0.742,0.00627,-0.21401
1,0.762,-0.01181,-0.21105
1,0.782,-0.0309,-0.20286
1,0.802,-0.05027,-0.19126
1,0.822,-0.06935,-0.17773
1,0.842,-0.08767,-0.16344
1,0.862,-0.10485,-0.14929
1,0.882,-0.1206,-0.13589
1,0.902,-0.13473,-0.12367
1,0.922,-0.1471,-0.11286
1,0.942,-0.15762,-0.10355
1,0.962,-0.16626,-0.09571
1,0.982,-0.17303,-0.08924
2,0.002,-1.49773,-1.26622
2,0.022,-1.49081,-1.27252
2,0.042,-1.4736,-1.28727
2,0.062,-1.44656,-1.30863
2,0.082,-1.41014,-1.33452
2,0.102,-1.36475,-1.36274
2,0.122,-1.31084,-1.39095
2,0.142,-1.24888,-1.41668
2,0.162,-1.17946,-1.43733
2,0.182,-1.10335,-1.45018
2,0.202,-1.02156,-1.45241
2,0.222,-0.93546,-1.44113
2,0.242,-0.8468,-1.41343
2,0.262,-0.75777,-1.36647
2,0.282,-0.67089,-1.29755
2,0.302,-0.58892,-1.20416
2,0.322,-0.51462,-1.08415
2,0.342,-0.45036,-0.93593
2,0.362,-0.39763,-0.7593
2,0.382,-0.35599,-0.55766
2,0.402,-0.32144,-0.34231
2,0.422,-0.28548,-0.13557
2,0.442,-0.23849,0.03761
2,0.462,-0.17574,0.16495
2,0.482,-0.09802,0.248
2,0.502,-0.00853,0.29404
2,0.522,0.089,0.31127
2,0.542,0.19102,0.30756
2,0.562,0.29432,0.29024
2,0.582,0.39605,0.26593
2,0.602,0.49386,0.24021
2,0.622,0.58591,0.21732
2,0.642,0.67095,0.20003
2,0.662,0.7482,0.1897
2,0.682,0.8173,0.18663
2,0.702,0.87814,0.19036
2,0.722,0.9308,0.20007
2,0.742,0.97546,0.21476
2,0.762,1.01231,0.23346
2,0.782,1.04155,0.25529
2,0.802,1.06336,0.27945
2,0.822,1.07794,0.30525
2,0.842,1.08547,0.33207
2,0.862,1.08611,0.35931
2,0.882,1.08008,0.38634
2,0.902,1.0676,0.41252
2,0.922,1.04891,0.43714
2,0.942,1.02431,0.4594
2,0.962,0.99415,0.47846
2,0.982,0.95879,0.4934
3,0.002,-2.60339,-1.65384
3,0.022,-2.6001,-1.6647
3,0.042,-2.59205,-1.69109
3,0.062,-2.57969,-1.73149
3,0.082,-2.56347,-1.78444
3,0.102,-2.54382,-1.84859
3,0.122,-2.52111,-1.92274
3,0.142,-2.49565,-2.00583
3,0.162,-2.46767,-2.09695
3,0.182,-2.43729,-2.19528
3,0.202,-2.40448,-2.30009
3,0.222,-2.36904,-2.41065
3,0.242,-2.33053,-2.52617
3,0.262,-2.28814,-2.64573
3,0.282,-2.24074,-2.76821
3,0.302,-2.18683,-2.89235
3,0.322,-2.12482,-3.01693
3,0.342,-2.05341,-3.14119
3,0.362,-1.97204,-3.26527
3,0.382,-1.88106,-3.39042
3,0.402,-1.78155,-3.51889
3,0.422,-1.67502,-3.65355
3,0.442,-1.56295,-3.79739
3,0.462,-1.44648,-3.95328
3,0.482,-1.32628,-4.12377
3,0.502,-1.20244,-4.31122
3,0.522,-1.07449,-4.51801
3,0.542,-0.94143,-4.74681
3,0.562,-0.80183,-5.00074
3,0.582,-0.65403,-5.28293
3,0.602,-0.49724,-5.59351
3,0.622,-0.3351,-5.91922
3,0.642,-0.18083,-6.21849
3,0.662,-0.04914,-6.44602
3,0.682,0.05822,-6.59615
3,0.702,0.14635,-6.68508
3,0.722,0.21968,-6.728
3,0.742,0.28098,-6.73565
3,0.762,0.33205,-6.71584
3,0.782,0.37428,-6.67497
3,0.802,0.40899,-6.61881
3,0.822,0.43757,-6.55288
3,0.842,0.46145,-6.48245
3,0.862,0.48195,-6.41215
3,0.882,0.50011,-6.34558
3,0.902,0.51654,-6.28506
3,0.922,0.53148,-6.2317
3,0.942,0.54487,-6.18567
3,0.962,0.55646,-6.14661
3,0.982,0.56592,-6.11385
4,0.002,2.78375,0.07125
4,0.022,2.78071,0.07593
4,0.042,2.77347,0.08635
4,0.062,2.76245,0.10117
4,0.082,2.74787,0.11961
4,0.102,2.72983,0.14121
4,0.122,2.70835,0.16576
4,0.142,2.68337,0.19314
4,0.162,2.65481,0.22335
4,0.182,2.62253,0.25636
4,0.202,2.58639,0.29218
4,0.222,2.54625,0.33075
4,0.242,2.50195,0.37191
4,0.262,2.45334,0.41544
4,0.282,2.40028,0.46097
4,0.302,2.34264,0.50798
4,0.322,2.28032,0.5558
4,0.342,2.21323,0.60355
4,0.362,2.14134,0.65018
4,0.382,2.06463,0.6944
4,0.402,1.98319,0.7347
4,0.422,1.89717,0.76936
4,0.442,1.80688,0.79638
4,0.462,1.71278,0.81356
4,0.482,1.61554,0.81847
4,0.502,1.51608,0.80856
4,0.522,1.41558,0.78122
4,0.542,1.31542,0.73401
4,0.562,1.21699,0.66501
4,0.582,1.12144,0.57341
4,0.602,1.02911,0.46071
4,0.622,0.93878,0.33223
4,0.642,0.84717,0.19839
4,0.662,0.74948,0.07334
4,0.682,0.64134,-0.02994
4,0.702,0.52062,-0.10412
4,0.722,0.38774,-0.14811
4,0.742,0.24493,-0.16539
4,0.762,0.09545,-0.16219
4,0.782,-0.05706,-0.14617
4,0.802,-0.20899,-0.1251
4,0.822,-0.35725,-0.10563
4,0.842,-0.49949,-0.09236
4,0.862,-0.63419,-0.08756
4,0.882,-0.76057,-0.09153
4,0.902,-0.87834,-0.10325
4,0.922,-0.98755,-0.12112
4,0.942,-1.08834,-0.1435
4,0.962,-1.18086,-0.16904
4,0.982,-1.26521,-0.19684
5,0.002,1.91629,1.93499
5,0.022,1.91005,1.94374
5,0.042,1.89439,1.96498
5,0.062,1.86945,1.99728
5,0.082,1.83529,2.03901
5,0.102,1.79178,2.08845
5,0.122,1.73867,2.14371
5,0.142,1.67553,2.20278
5,0.162,1.6018,2.26347
5,0.182,1.51682,2.32342
5,0.202,1.41993,2.38005
5,0.222,1.31061,2.43068
5,0.242,1.18864,2.47248
5,0.262,1.05431,2.50262
5,0.282,0.9086,2.51828
5,0.302,0.75335,2.51672
5,0.322,0.59145,2.49529
5,0.342,0.42686,2.45152
5,0.362,0.26464,2.38331
5,0.382,0.11074,2.2891
5,0.402,-0.02864,2.16802
5,0.422,-0.14791,2.01982
5,0.442,-0.24285,1.84448
5,0.462,-0.31102,1.64172
5,0.482,-0.35157,1.41044
5,0.502,-0.3648,1.14861
5,0.522,-0.35205,0.85431
5,0.542,-0.31729,0.5311
5,0.562,-0.27218,0.20348
5,0.582,-0.23735,-0.07809
5,0.602,-0.22492,-0.28451
5,0.622,-0.23221,-0.42552
5,0.642,-0.25289,-0.51896
5,0.662,-0.28193,-0.5782
5,0.682,-0.31577,-0.61227
5,0.702,-0.35183,-0.62754
5,0.722,-0.38819,-0.62875
5,0.742,-0.42341,-0.61963
5,0.762,-0.45633,-0.60316
5,0.782,-0.48607,-0.58177
5,0.802,-0.51196,-0.55741
5,0.822,-0.53348,-0.53159
5,0.842,-0.55029,-0.50542
5,0.862,-0.56219,-0.47964
5,0.882,-0.56909,-0.45466
5,0.902,-0.57101,-0.43066
5,0.922,-0.56806,-0.40756
5,0.942,-0.5604,-0.38517
5,0.962,-0.54827,-0.36319
5,0.982,-0.53192,-0.3413
6,0.002,0.23974,-0.98457
6,0.022,0.2364,-0.97265
6,0.042,0.22841,-0.94416
6,0.062,0.21627,-0.90107
6,0.082,0.20045,-0.84518
6,0.102,0.1814,-0.7783
6,0.122,0.15964,-0.7024
6,0.142,0.13585,-0.61981
6,0.162,0.11087,-0.53328
6,0.182,0.08571,-0.44597
6,0.202,0.06149,-0.36125
6,0.222,0.03926,-0.28225
6,0.242,0.01985,-0.21144
6,0.262,0.00377,-0.15028
6,0.282,-0.00881,-0.09924
6,0.302,-0.01801,-0.05797
6,0.322,-0.02412,-0.02562
6,0.342,-0.02752,-0.00107
6,0.362,-0.02862,0.01685
6,0.382,-0.02782,0.0293
6,0.402,-0.02549,0.03735
6,0.422,-0.02199,0.04193
6,0.442,-0.01762,0.04388
6,0.462,-0.01263,0.04391
6,0.482,-0.00725,0.04258
6,0.502,-0.00167,0.04039
6,0.522,0.00396,0.03771
6,0.542,0.0095,0.03484
6,0.562,0.01485,0.03198
6,0.582,0.01994,0.02929
6,0.602,0.0247,0.02687
6,0.622,0.02909,0.02478
6,0.642,0.03308,0.02303
6,0.662,0.03664,0.02164
6,0.682,0.03977,0.02056
6,0.702,0.04245,0.01978
6,0.722,0.04469,0.01924
6,0.742,0.04649,0.01891
6,0.762,0.04786,0.01872
6,0.782,0.0488,0.01864
6,0.802,0.04932,0.01863
6,0.822,0.04945,0.01863
6,0.842,0.04918,0.01862
6,0.862,0.04854,0.01857
6,0.882,0.04754,0.01845
6,0.902,0.04619,0.01825
6,0.922,0.04453,0.01794
6,0.942,0.04256,0.01751
6,0.962,0.0403,0.01697
6,0.982,0.03777,0.01631
7,0.002,0.78589,2.49577
7,0.022,0.7789,2.49595
7,0.042,0.7614,2.4962
7,0.062,0.73375,2.49607
7,0.082,0.69635,2.49478
7,0.102,0.64971,2.4914
7,0.122,0.59446,2.48478
7,0.142,0.53137,2.47366
7,0.162,0.46143,2.45667
7,0.182,0.38586,2.43242
7,0.202,0.30613,2.39951
7,0.222,0.22397,2.35659
7,0.242,0.14138,2.30242
7,0.262,0.06055,2.23593
7,0.282,-0.01623,2.15619
7,0.302,-0.08671,2.06247
7,0.322,-0.14881,1.95417
7,0.342,-0.20075,1.83077
7,0.362,-0.24113,1.69173
7,0.382,-0.26898,1.53645
7,0.402,-0.28371,1.36421
7,0.422,-0.28515,1.17436
7,0.442,-0.27363,0.96675
7,0.462,-0.2504,0.74316
7,0.482,-0.21865,0.51024
7,0.502,-0.18468,0.28326
7,0.522,-0.15686,0.08362
7,0.542,-0.14091,-0.07422
7,0.562,-0.13731,-0.18984
7,0.582,-0.14368,-0.27033
7,0.602,-0.15721,-0.32355
7,0.622,-0.17552,-0.35599
7,0.642,-0.19672,-0.37263
7,0.662,-0.21936,-0.37737
7,0.682,-0.24224,-0.37329
7,0.702,-0.26444,-0.36289
7,0.722,-0.28519,-0.34821
7,0.742,-0.30389,-0.33087
7,0.762,-0.32006,-0.31218
7,0.782,-0.33337,-0.29309
7,0.802,-0.34357,-0.27431
7,0.822,-0.35053,-0.25628
7,0.842,-0.35419,-0.23926
7,0.862,-0.35455,-0.22334
7,0.882,-0.35168,-0.20848
7,0.902,-0.34569,-0.19458
7,0.922,-0.33672,-0.18147
7,0.942,-0.32494,-0.16899
7,0.962,-0.31054,-0.15694
7,0.982,-0.2937,-0.14515
8,0.002,-1.08706,3.06157
8,0.022,-1.08038,3.0562
8,0.042,-1.06368,3.04285
8,0.062,-1.03743,3.02179
8,0.082,-1.00223,2.99318
8,0.102,-0.95883,2.95701
8,0.122,-0.90818,2.91313
8,0.142,-0.85137,2.8612
8,0.162,-0.78962,2.80075
8,0.182,-0.72426,2.73122
8,0.202,-0.65659,2.65208
8,0.222,-0.58778,2.56285
8,0.242,-0.51877,2.46326
8,0.262,-0.4502,2.3532
8,0.282,-0.3824,2.23275
8,0.302,-0.3154,2.10207
8,0.322,-0.24902,1.96133
8,0.342,-0.18291,1.81067
8,0.362,-0.11666,1.65013
8,0.382,-0.04985,1.47974
8,0.402,0.01786,1.29964
8,0.422,0.08658,1.11046
8,0.442,0.15596,0.91392
8,0.462,0.22473,0.7141
8,0.482,0.29024,0.51882
8,0.502,0.34837,0.33976
8,0.522,0.39492,0.18873
8,0.542,0.42759,0.07189
8,0.562,0.44658,-0.01183
8,0.582,0.45352,-0.06751
8,0.602,0.45039,-0.10101
8,0.622,0.43898,-0.11759
8,0.642,0.42086,-0.12161
8,0.662,0.39731,-0.11662
8,0.682,0.36947,-0.10556
8,0.702,0.33829,-0.09084
8,0.722,0.30462,-0.07442
8,0.742,0.26916,-0.05786
8,0.762,0.23252,-0.04238
8,0.782,0.19522,-0.02885
8,0.802,0.15767,-0.01783
8,0.822,0.12023,-0.00965
8,0.842,0.08319,-0.00442
8,0.862,0.04677,-0.00208
8,0.882,0.01117,-0.00242
8,0.902,-0.02344,-0.00518
8,0.922,-0.05693,-0.01001
8,0.942,-0.08916,-0.01655
8,0.962,-0.12003,-0.02442
8,0.982,-0.14941,-0.03329
9,0.002,2.32627,-1.33949
9,0.022,2.32163,-1.34095
9,0.042,2.30983,-1.34441
9,0.062,2.29073,-1.34923
9,0.082,2.26408,-1.35451
9,0.102,2.22958,-1.35907
9,0.122,2.18689,-1.36146
9,0.142,2.13562,-1.36002
9,0.162,2.07546,-1.35288
9,0.182,2.0061,-1.33795
9,0.202,1.92736,-1.313
9,0.222,1.83909,-1.27566
9,0.242,1.74126,-1.22349
9,0.262,1.6339,-1.15406
9,0.282,1.51704,-1.06505
9,0.302,1.39077,-0.9545
9,0.322,1.25522,-0.8212
9,0.342,1.11086,-0.66571
9,0.362,0.95909,-0.49235
9,0.382,0.80317,-0.31197
9,0.402,0.64851,-0.14241
9,0.422,0.50073,-0.00203
9,0.442,0.36308,0.09905
9,0.462,0.2362,0.15986
9,0.482,0.1195,0.18441
9,0.502,0.01195,0.17876
9,0.522,-0.0877,0.14983
9,0.542,-0.18097,0.10506
9,0.562,-0.26945,0.05184
9,0.582,-0.3546,-0.00336
9,0.602,-0.43739,-0.05568
9,0.622,-0.5182,-0.1023
9,0.642,-0.59684,-0.14217
9,0.662,-0.6727,-0.17555
9,0.682,-0.745,-0.20352
9,0.702,-0.8129,-0.22744
9,0.722,-0.8756,-0.24874
9,0.742,-0.93242,-0.26868
9,0.762,-0.98284,-0.28832
9,0.782,-1.02643,-0.30841
9,0.802,-1.06293,-0.32948
9,0.822,-1.09216,-0.35181
9,0.842,-1.11406,-0.37548
9,0.862,-1.12861,-0.4004
9,0.882,-1.13588,-0.42632
9,0.902,-1.13598,-0.45286
9,0.922,-1.1291,-0.47949
9,0.942,-1.11544,-0.50555
9,0.962,-1.09527,-0.53029
9,0.982,-1.06889,-0.55282
10,0.002,2.8651,-1.83678
10,0.022,2.86226,-1.84274
10,0.042,2.85492,-1.85727
10,0.062,2.84272,-1.87946
10,0.082,2.8252,-1.90826
10,0.102,2.80174,-1.94253
10,0.122,2.77163,-1.98096
10,0.142,2.73413,-2.02216
10,0.162,2.68847,-2.06457
10,0.182,2.63391,-2.10647
10,0.202,2.56984,-2.14595
10,0.222,2.49579,-2.18091
10,0.242,2.41155,-2.20904
10,0.262,2.31717,-2.22786
10,0.282,2.21306,-2.23475
10,0.302,2.0999,-2.22703
10,0.322,1.97868,-2.20202
10,0.342,1.85057,-2.15717
10,0.362,1.71681,-2.09012
10,0.382,1.5785,-1.99882
10,0.402,1.43643,-1.88153
10,0.422,1.29093,-1.73676
10,0.442,1.14172,-1.56301
10,0.462,0.98787,-1.3586
10,0.482,0.82795,-1.12159
10,0.502,0.66043,-0.85087
10,0.522,0.48547,-0.55105
10,0.542,0.30943,-0.24564
10,0.562,0.14696,0.01752
10,0.582,0.00834,0.20518
10,0.602,-0.1076,0.32069
10,0.622,-0.20536,0.37932
10,0.642,-0.28835,0.39421
10,0.662,-0.35885,0.37541
10,0.682,-0.41865,0.33127
10,0.702,-0.46954,0.26947
10,0.722,-0.5134,0.19738
10,0.742,-0.5521,0.12176
10,0.762,-0.58721,0.04813
10,0.782,-0.61977,-0.01978
10,0.802,-0.65022,-0.08009
10,0.822,-0.67849,-0.13236
10,0.842,-0.70425,-0.1771
10,0.862,-0.72702,-0.21523
10,0.882,-0.74631,-0.2478
10,0.902,-0.76168,-0.27576
10,0.922,-0.77277,-0.29992
10,0.942,-0.77933,-0.32088
10,0.962,-0.78119,-0.33901
10,0.982,-0.77828,-0.35453
11,0.002,-2.33367,-0.00465
11,0.022,-2.32824,-0.0111
11,0.042,-2.31519,-0.02528
11,0.062,-2.29516,-0.04512
11,0.082,-2.26857,-0.06926
11,0.102,-2.23567,-0.09676
11,0.122,-2.1966,-0.12691
11,0.142,-2.15145,-0.15906
11,0.162,-2.10028,-0.19257
11,0.182,-2.04317,-0.22671
11,0.202,-1.98023,-0.26057
11,0.222,-1.91161,-0.29309
11,0.242,-1.8375,-0.32301
11,0.262,-1.7582,-0.3489
11,0.282,-1.67405,-0.36916
11,0.302,-1.58552,-0.38213
11,0.322,-1.49312,-0.38612
11,0.342,-1.39743,-0.3796
11,0.362,-1.29903,-0.36137
11,0.382,-1.19844,-0.33087
11,0.402,-1.09591,-0.28845
11,0.422,-0.99138,-0.23578
11,0.442,-0.88429,-0.176
11,0.462,-0.7737,-0.11356
11,0.482,-0.65847,-0.05355
11,0.502,-0.53768,-0.00061
11,0.522,-0.41099,0.04198
11,0.542,-0.27884,0.07287
11,0.562,-0.14236,0.09255
11,0.582,-0.00324,0.10302
11,0.602,0.13652,0.10716
11,0.622,0.27492,0.10808
11,0.642,0.41009,0.10861
11,0.662,0.54048,0.1109
11,0.682,0.6649,0.11628
11,0.702,0.78249,0.12534
11,0.722,0.8927,0.1381
11,0.742,0.99516,0.15429
11,0.762,1.08965,0.17352
11,0.782,1.17603,0.19545
11,0.802,1.25421,0.21982
11,0.822,1.32414,0.24651
11,0.842,1.38577,0.27551
11,0.862,1.4391,0.30691
11,0.882,1.48412,0.3408
11,0.902,1.52086,0.37732
11,0.922,1.54937,0.41655
11,0.942,1.56972,0.45854
11,0.962,1.58198,0.50323
11,0.982,1.58628,0.55048
12,0.002,-1.5655,2.80694
12,0.022,-1.55781,2.80119
12,0.042,-1.53861,2.7868
12,0.062,-1.50838,2.76386
12,0.082,-1.46775,2.73221
12,0.102,-1.41747,2.69146
12,0.122,-1.35844,2.64102
12,0.142,-1.29167,2.5801
12,0.162,-1.21827,2.50779
12,0.182,-1.13934,2.42312
12,0.202,-1.05591,2.32519
12,0.222,-0.96881,2.21314
12,0.242,-0.87866,2.08627
12,0.262,-0.78574,1.94396
12,0.282,-0.69006,1.78559
12,0.302,-0.59136,1.61052
12,0.322,-0.48916,1.41801
12,0.342,-0.38293,1.20746
12,0.362,-0.27234,0.97902
12,0.382,-0.15794,0.73553
12,0.402,-0.04266,0.48656
12,0.422,0.06683,0.25254
12,0.442,0.16217,0.05834
12,0.462,0.23921,-0.08392
12,0.482,0.29904,-0.17819
12,0.502,0.34467,-0.23416
12,0.522,0.37883,-0.26091
12,0.542,0.40363,-0.26561
12,0.562,0.42069,-0.25387
12,0.582,0.43132,-0.23025
12,0.602,0.43665,-0.19857
12,0.622,0.43761,-0.16203
12,0.642,0.43505,-0.12333
12,0.662,0.42962,-0.08463
12,0.682,0.42185,-0.04756
12,0.702,0.41213,-0.0133
12,0.722,0.40072,0.0174
12,0.742,0.3878,0.04412
12,0.762,0.37347,0.06669
12,0.782,0.35781,0.08508
12,0.802,0.34086,0.09942
12,0.822,0.32266,0.10988
12,0.842,0.30327,0.1167
12,0.862,0.28272,0.12014
12,0.882,0.26108,0.1205
12,0.902,0.23841,0.11808
12,0.922,0.21478,0.11321
12,0.942,0.19028,0.10621
12,0.962,0.165,0.09742
12,0.982,0.13903,0.08716
13,0.002,2.29203,2.23258
13,0.022,2.28797,2.2418
13,0.042,2.27779,2.26442
13,0.062,2.26159,2.29928
13,0.082,2.23938,2.34524
13,0.102,2.21108,2.40107
13,0.122,2.17645,2.46555
13,0.142,2.13506,2.5374
13,0.162,2.0863,2.61531
13,0.182,2.02938,2.69793
13,0.202,1.96336,2.78395
13,0.222,1.88731,2.87221
13,0.242,1.80051,2.96192
13,0.262,1.70268,3.0529
13,0.282,1.59422,3.14588
13,0.302,1.47634,3.24258
13,0.322,1.35102,3.34567
13,0.342,1.22087,3.45846
13,0.362,1.0887,3.58439
13,0.382,0.95698,3.72637
13,0.402,0.82732,3.88637
13,0.422,0.70024,4.06538
13,0.442,0.57521,4.26383
13,0.462,0.45101,4.48214
13,0.482,0.32599,4.72116
13,0.502,0.19835,4.98227
13,0.522,0.0665,5.26664
13,0.542,-0.0698,5.57214
13,0.562,-0.20639,5.88437
13,0.582,-0.33117,6.16672
13,0.602,-0.43151,6.38176
13,0.622,-0.50581,6.52536
13,0.642,-0.55901,6.61303
13,0.662,-0.59587,6.65994
13,0.682,-0.6197,6.67685
13,0.702,-0.63277,6.67134
13,0.722,-0.63678,6.64904
13,0.742,-0.63311,6.61445
13,0.762,-0.62295,6.57139
13,0.782,-0.60744,6.52323
13,0.802,-0.58756,6.47293
13,0.822,-0.56422,6.423
13,0.842,-0.53816,6.37546
13,0.862,-0.50997,6.33182
13,0.882,-0.4801,6.2931
13,0.902,-0.44889,6.2599
13,0.922,-0.41656,6.2325
13,0.942,-0.38332,6.21093
13,0.962,-0.34929,6.19505
13,0.982,-0.3146,6.18458
14,0.002,2.07955,-0.87367
14,0.022,2.07429,-0.87217
14,0.042,2.06105,-0.8686
14,0.062,2.03989,-0.86288
14,0.082,2.01076,-0.85457
14,0.102,1.97349,-0.8429
14,0.122,1.92789,-0.82682
14,0.142,1.87372,-0.8051
14,0.162,1.81074,-0.77636
14,0.182,1.73873,-0.73913
14,0.202,1.65752,-0.69204
14,0.222,1.56707,-0.63393
14,0.242,1.46748,-0.56415
14,0.262,1.35916,-0.48299
14,0.282,1.24292,-0.39214
14,0.302,1.12015,-0.29527
14,0.322,0.99283,-0.19802
14,0.342,0.8633,-0.10724
14,0.362,0.73388,-0.0295
14,0.382,0.6064,0.03047
14,0.402,0.48209,0.0703
14,0.422,0.36163,0.0899
14,0.442,0.24524,0.09096
14,0.462,0.13279,0.07656
14,0.482,0.02385,0.05071
14,0.502,-0.08213,0.01778
14,0.522,-0.18569,-0.01811
14,0.542,-0.28714,-0.05359
14,0.562,-0.38647,-0.08643
14,0.582,-0.48335,-0.11555
14,0.602,-0.57716,-0.1408
14,0.622,-0.66715,-0.16274
14,0.642,-0.75252,-0.18226
14,0.662,-0.83249,-0.20038
14,0.682,-0.9064,-0.21807
14,0.702,-0.97368,-0.23617
14,0.722,-1.03391,-0.25532
14,0.742,-1.08677,-0.27599
14,0.762,-1.13207,-0.29847
14,0.782,-1.16966,-0.3229
14,0.802,-1.19951,-0.34931
14,0.822,-1.22161,-0.37761
14,0.842,-1.23602,-0.40759
14,0.862,-1.24284,-0.43895
14,0.882,-1.24219,-0.47127
14,0.902,-1.23426,-0.50401
14,0.922,-1.21924,-0.53652
14,0.942,-1.19738,-0.568
14,0.962,-1.16899,-0.59753
14,0.982,-1.13439,-0.62406
15,0.002,1.21093,1.98439
15,0.022,1.2038,1.98774
15,0.042,1.18586,1.99565
15,0.062,1.15735,2.007
15,0.082,1.11848,2.02038
15,0.102,1.0695,2.03405
15,0.122,1.01075,2.04605
15,0.142,0.9427,2.05417
15,0.162,0.86607,2.05606
15,0.182,0.78189,2.04926
15,0.202,0.69158,2.03126
15,0.222,0.59705,1.99961
15,0.242,0.50072,1.95199
15,0.262,0.40543,1.88629
15,0.282,0.31432,1.80066
15,0.302,0.23061,1.6935
15,0.322,0.15737,1.56339
15,0.342,0.09722,1.40898
15,0.362,0.05221,1.22892
15,0.382,0.02356,1.0221
15,0.402,0.01125,0.78875
15,0.422,0.01279,0.53406
15,0.442,0.02075,0.2754
15,0.462,0.02269,0.04379
15,0.482,0.00879,-0.13633
15,0.502,-0.02225,-0.26276
15,0.522,-0.06698,-0.34502
15,0.542,-0.12132,-0.39344
15,0.562,-0.18178,-0.41647
15,0.582,-0.24551,-0.42088
15,0.602,-0.31012,-0.41223
15,0.622,-0.37365,-0.39524
15,0.642,-0.43447,-0.37388
15,0.662,-0.49128,-0.35135
15,0.682,-0.54306,-0.33006
15,0.702,-0.58911,-0.31167
15,0.722,-0.62898,-0.29713
15,0.742,-0.66243,-0.28677
15,0.762,-0.6894,-0.28049
15,0.782,-0.70997,-0.27788
15,0.802,-0.72427,-0.27833
15,0.822,-0.73252,-0.28113
15,0.842,-0.73495,-0.2855
15,0.862,-0.73184,-0.29069
15,0.882,-0.72347,-0.29595
15,0.902,-0.71014,-0.30057
15,0.922,-0.69216,-0.30387
15,0.942,-0.66985,-0.30524
15,0.962,-0.64354,-0.30412
15,0.982,-0.61356,-0.30005
