case,time,target_deg,tilt_deg,slip_cm,slip_world_cm,pallet_vs_fork_deg
木頭棧板,0.002,0.0,10.78,0.0002,0.0011,0.0
木頭棧板,0.022,0.075,10.709,0.0022,0.0156,0.0
木頭棧板,0.042,0.15,10.636,0.0043,0.0311,0.0
木頭棧板,0.062,0.225,10.556,0.0063,0.0449,0.0
木頭棧板,0.082,0.3,10.475,0.0083,0.0566,0.0
木頭棧板,0.102,0.375,10.401,0.0103,0.0666,0.0
木頭棧板,0.122,0.45,10.339,0.0122,0.075,0.0
木頭棧板,0.142,0.525,10.292,0.0141,0.0819,0.0
木頭棧板,0.162,0.6,10.259,0.016,0.0873,0.0
木頭棧板,0.182,0.675,10.243,0.0178,0.091,0.0
木頭棧板,0.202,0.75,10.243,0.0197,0.0931,0.0
木頭棧板,0.222,0.825,10.258,0.0216,0.0935,0.0
木頭棧板,0.242,0.9,10.288,0.0234,0.0923,0.0
木頭棧板,0.262,0.975,10.333,0.0253,0.0896,0.0
木頭棧板,0.282,1.05,10.392,0.0272,0.0855,0.0
木頭棧板,0.302,1.125,10.463,0.0291,0.08,0.0
木頭棧板,0.322,1.2,10.544,0.0311,0.0734,0.0
木頭棧板,0.342,1.275,10.635,0.033,0.0656,0.0
木頭棧板,0.362,1.35,10.735,0.035,0.0569,0.0
木頭棧板,0.382,1.425,10.841,0.0371,0.0474,0.0
木頭棧板,0.402,1.5,10.953,0.0391,0.0371,0.0
木頭棧板,0.422,1.575,11.066,0.0412,0.0263,0.0
木頭棧板,0.442,1.65,11.097,0.042,0.0238,0.001
木頭棧板,0.462,1.725,11.086,0.0422,0.0256,0.001
木頭棧板,0.482,1.8,11.072,0.0431,0.0278,0.001
木頭棧板,0.502,1.875,11.065,0.0441,0.0295,0.001
木頭棧板,0.522,1.95,11.062,0.0451,0.0308,0.001
木頭棧板,0.542,2.025,11.061,0.0462,0.0321,0.001
木頭棧板,0.562,2.1,11.061,0.0473,0.0333,0.001
木頭棧板,0.582,2.175,11.061,0.0484,0.0345,0.001
木頭棧板,0.602,2.25,11.062,0.0494,0.0356,0.001
木頭棧板,0.622,2.325,11.062,0.0504,0.0366,0.001
木頭棧板,0.642,2.4,11.063,0.0514,0.0377,0.001
木頭棧板,0.662,2.475,11.063,0.0524,0.0387,0.001
木頭棧板,0.682,2.55,11.064,0.0534,0.0397,0.001
木頭棧板,0.702,2.625,11.065,0.0543,0.0407,0.001
木頭棧板,0.722,2.7,11.065,0.0552,0.0416,0.001
木頭棧板,0.742,2.775,11.066,0.0561,0.0426,0.001
木頭棧板,0.762,2.85,11.066,0.057,0.0435,0.001
木頭棧板,0.782,2.925,11.067,0.0578,0.0444,0.001
木頭棧板,0.802,3.0,11.068,0.0586,0.0452,0.001
木頭棧板,0.822,3.075,11.068,0.0595,0.0461,0.001
木頭棧板,0.842,3.15,11.069,0.0603,0.047,0.001
木頭棧板,0.862,3.225,11.07,0.0611,0.0479,0.001
木頭棧板,0.882,3.3,11.07,0.062,0.0488,0.001
木頭棧板,0.902,3.375,11.071,0.0628,0.0496,0.001
木頭棧板,0.922,3.45,11.072,0.0636,0.0505,0.001
木頭棧板,0.942,3.525,11.073,0.0644,0.0514,0.002
木頭棧板,0.962,3.6,11.073,0.0652,0.0522,0.002
木頭棧板,0.982,3.675,11.074,0.066,0.0531,0.002
木頭棧板,1.002,3.75,11.075,0.0667,0.0539,0.002
木頭棧板,1.022,3.825,11.076,0.0675,0.0548,0.002
木頭棧板,1.042,3.9,11.077,0.0683,0.0556,0.002
木頭棧板,1.062,3.975,11.078,0.0691,0.0565,0.002
木頭棧板,1.082,4.05,11.078,0.0698,0.0573,0.002
木頭棧板,1.102,4.125,11.079,0.0706,0.0581,0.002
木頭棧板,1.122,4.2,11.08,0.0713,0.059,0.002
木頭棧板,1.142,4.275,11.081,0.0721,0.0598,0.002
木頭棧板,1.162,4.35,11.082,0.0728,0.0606,0.002
木頭棧板,1.182,4.425,11.083,0.0735,0.0614,0.002
木頭棧板,1.202,4.5,11.084,0.0743,0.0622,0.002
木頭棧板,1.222,4.575,11.085,0.075,0.063,0.002
木頭棧板,1.242,4.65,11.087,0.0757,0.0638,0.002
木頭棧板,1.262,4.725,11.088,0.0764,0.0646,0.002
木頭棧板,1.282,4.8,11.089,0.0771,0.0654,0.002
木頭棧板,1.302,4.875,11.09,0.0778,0.0662,0.002
木頭棧板,1.322,4.95,11.091,0.0785,0.067,0.002
木頭棧板,1.342,5.025,11.092,0.0792,0.0678,0.002
木頭棧板,1.362,5.1,11.094,0.0799,0.0686,0.003
木頭棧板,1.382,5.175,11.095,0.0805,0.0694,0.003
木頭棧板,1.402,5.25,11.096,0.0812,0.0701,0.003
木頭棧板,1.422,5.325,11.098,0.0819,0.0709,0.003
木頭棧板,1.442,5.4,11.099,0.0825,0.0717,0.003
木頭棧板,1.462,5.475,11.1,0.0832,0.0724,0.003
木頭棧板,1.482,5.55,11.102,0.0838,0.0732,0.003
木頭棧板,1.502,5.625,11.103,0.0845,0.0739,0.003
木頭棧板,1.522,5.7,11.104,0.0851,0.0747,0.003
木頭棧板,1.542,5.775,11.106,0.0857,0.0754,0.003
木頭棧板,1.562,5.85,11.107,0.0864,0.0762,0.003
木頭棧板,1.582,5.925,11.109,0.087,0.0769,0.003
木頭棧板,1.602,6.0,11.111,0.0876,0.0777,0.003
木頭棧板,1.622,6.075,11.117,0.0882,0.0788,0.003
木頭棧板,1.642,6.15,11.127,0.0888,0.0801,0.003
木頭棧板,1.662,6.225,11.141,0.0893,0.0819,0.003
木頭棧板,1.682,6.3,11.161,0.0899,0.0841,0.003
木頭棧板,1.702,6.375,11.185,0.0904,0.0867,0.003
木頭棧板,1.722,6.45,11.215,0.0909,0.0897,0.003
木頭棧板,1.742,6.525,11.249,0.0914,0.0931,0.003
木頭棧板,1.762,6.6,11.286,0.0919,0.0968,0.003
木頭棧板,1.782,6.675,11.326,0.0923,0.1008,0.003
木頭棧板,1.802,6.75,11.369,0.0927,0.1051,0.003
木頭棧板,1.822,6.825,11.414,0.0931,0.1095,0.003
木頭棧板,1.842,6.9,11.46,0.0935,0.1141,0.003
木頭棧板,1.862,6.975,11.506,0.0938,0.1188,0.003
木頭棧板,1.882,7.05,11.553,0.0941,0.1235,0.003
木頭棧板,1.902,7.125,11.6,0.0944,0.1283,0.003
木頭棧板,1.922,7.2,11.646,0.0947,0.1331,0.003
木頭棧板,1.942,7.275,11.692,0.0949,0.1378,0.003
木頭棧板,1.962,7.35,11.738,0.0952,0.1426,0.003
木頭棧板,1.982,7.425,11.782,0.0954,0.1473,0.003
木頭棧板,2.002,7.5,11.826,0.0956,0.152,0.004
木頭棧板,2.022,7.575,11.87,0.0958,0.1566,0.004
木頭棧板,2.042,7.65,11.912,0.096,0.1613,0.004
木頭棧板,2.062,7.725,11.955,0.0962,0.1659,0.004
木頭棧板,2.082,7.8,11.996,0.0963,0.1705,0.004
木頭棧板,2.102,7.875,12.038,0.0965,0.175,0.004
木頭棧板,2.122,7.95,12.079,0.0966,0.1796,0.004
木頭棧板,2.142,8.025,12.12,0.0967,0.1842,0.004
木頭棧板,2.162,8.1,12.161,0.0968,0.1888,0.004
木頭棧板,2.182,8.175,12.202,0.0969,0.1934,0.004
木頭棧板,2.202,8.25,12.242,0.0969,0.198,0.004
木頭棧板,2.222,8.325,12.283,0.097,0.2027,0.004
木頭棧板,2.242,8.4,12.324,0.097,0.2074,0.004
木頭棧板,2.262,8.475,12.365,0.097,0.2121,0.004
木頭棧板,2.282,8.55,12.405,0.097,0.2168,0.004
木頭棧板,2.302,8.625,12.446,0.097,0.2216,0.004
木頭棧板,2.322,8.7,12.487,0.097,0.2264,0.004
木頭棧板,2.342,8.775,12.528,0.0969,0.2312,0.004
木頭棧板,2.362,8.85,12.569,0.0968,0.2361,0.004
木頭棧板,2.382,8.925,12.611,0.0967,0.241,0.004
木頭棧板,2.402,9.0,12.652,0.0966,0.2459,0.004
木頭棧板,2.422,9.075,12.693,0.0965,0.2508,0.004
木頭棧板,2.442,9.15,12.734,0.0963,0.2558,0.004
木頭棧板,2.462,9.225,12.775,0.0962,0.2608,0.004
木頭棧板,2.482,9.3,12.817,0.0959,0.2658,0.004
木頭棧板,2.502,9.375,12.858,0.0957,0.2708,0.004
木頭棧板,2.522,9.45,12.899,0.0955,0.2759,0.004
木頭棧板,2.542,9.525,12.94,0.0952,0.2809,0.004
木頭棧板,2.562,9.6,12.982,0.0948,0.286,0.004
木頭棧板,2.582,9.675,13.023,0.0945,0.2911,0.005
木頭棧板,2.602,9.75,13.065,0.0943,0.2961,0.008
木頭棧板,2.622,9.825,13.108,0.0942,0.3011,0.013
木頭棧板,2.642,9.9,13.151,0.0944,0.306,0.021
木頭棧板,2.662,9.975,13.194,0.0949,0.3109,0.032
木頭棧板,2.682,10.05,13.238,0.096,0.3157,0.045
木頭棧板,2.702,10.125,13.282,0.0978,0.3204,0.061
木頭棧板,2.722,10.2,13.327,0.1005,0.325,0.079
木頭棧板,2.742,10.275,13.373,0.1042,0.3296,0.1
木頭棧板,2.762,10.35,13.419,0.1092,0.3342,0.123
木頭棧板,2.782,10.425,13.466,0.1158,0.3385,0.15
木頭棧板,2.802,10.5,13.515,0.1243,0.3428,0.181
木頭棧板,2.822,10.575,13.566,0.1349,0.3468,0.216
木頭棧板,2.842,10.65,13.618,0.1476,0.3508,0.255
木頭棧板,2.862,10.725,13.671,0.1625,0.3546,0.297
木頭棧板,2.882,10.8,13.727,0.1794,0.3583,0.343
木頭棧板,2.902,10.875,13.783,0.1982,0.3619,0.392
木頭棧板,2.922,10.95,13.842,0.2189,0.3654,0.445
木頭棧板,2.942,11.025,13.901,0.2412,0.3688,0.501
木頭棧板,2.962,11.1,13.963,0.2651,0.3721,0.56
木頭棧板,2.982,11.175,14.025,0.2905,0.3754,0.621
木頭棧板,3.002,11.25,14.089,0.3172,0.3786,0.685
木頭棧板,3.022,11.325,14.154,0.3452,0.3817,0.751
木頭棧板,3.042,11.4,14.221,0.3744,0.3848,0.82
木頭棧板,3.062,11.475,14.288,0.4048,0.3878,0.892
木頭棧板,3.082,11.55,14.357,0.4363,0.3908,0.965
木頭棧板,3.102,11.625,14.427,0.4689,0.3938,1.041
木頭棧板,3.122,11.7,14.498,0.5026,0.3968,1.119
木頭棧板,3.142,11.775,14.572,0.5092,0.3992,1.224
木頭棧板,3.162,11.85,14.645,0.5375,0.4016,1.325
木頭棧板,3.182,11.925,14.719,0.5949,0.4047,1.406
木頭棧板,3.202,12.0,14.795,0.6483,0.4076,1.493
木頭棧板,3.222,12.075,14.874,0.6972,0.4102,1.584
木頭棧板,3.242,12.15,14.955,0.7438,0.4126,1.68
木頭棧板,3.262,12.225,15.039,0.7774,0.4147,1.788
木頭棧板,3.282,12.3,15.123,0.7951,0.4162,1.921
木頭棧板,3.302,12.375,15.206,0.8602,0.4187,2.02
木頭棧板,3.322,12.45,15.291,0.9223,0.4212,2.121
木頭棧板,3.342,12.525,15.378,0.9782,0.4235,2.225
木頭棧板,3.362,12.6,15.466,1.0304,0.4257,2.332
木頭棧板,3.382,12.675,15.556,1.0399,0.4271,2.475
木頭棧板,3.402,12.75,15.644,1.098,0.4294,2.588
木頭棧板,3.422,12.825,15.732,1.1654,0.432,2.691
木頭棧板,3.442,12.9,15.821,1.2257,0.4346,2.797
木頭棧板,3.462,12.975,15.91,1.2803,0.437,2.904
木頭棧板,3.482,13.05,16.001,1.3192,0.4393,3.022
木頭棧板,3.502,13.125,16.091,1.3401,0.4411,3.161
木頭棧板,3.522,13.2,16.169,1.4005,0.4444,3.249
木頭棧板,3.542,13.275,16.206,1.4044,0.4512,3.224
木頭棧板,3.562,13.35,16.241,1.3926,0.4592,3.179
木頭棧板,3.582,13.425,16.283,1.3823,0.4674,3.147
木頭棧板,3.602,13.5,16.331,1.3782,0.4751,3.133
木頭棧板,3.622,13.575,16.377,1.3742,0.4825,3.122
木頭棧板,3.642,13.65,16.419,1.3686,0.4896,3.108
木頭棧板,3.662,13.725,16.46,1.3657,0.4962,3.101
木頭棧板,3.682,13.8,16.497,1.3606,0.5026,3.089
木頭棧板,3.702,13.875,16.532,1.357,0.5086,3.081
木頭棧板,3.722,13.95,16.565,1.3541,0.5142,3.075
木頭棧板,3.742,14.025,16.596,1.3506,0.5197,3.067
木頭棧板,3.762,14.1,16.625,1.347,0.5249,3.059
木頭棧板,3.782,14.175,16.653,1.3438,0.53,3.052
木頭棧板,3.802,14.25,16.681,1.3408,0.535,3.045
木頭棧板,3.822,14.325,16.709,1.3378,0.54,3.039
木頭棧板,3.842,14.4,16.737,1.3349,0.545,3.032
木頭棧板,3.862,14.475,16.764,1.332,0.5501,3.026
木頭棧板,3.882,14.55,16.793,1.329,0.5552,3.019
木頭棧板,3.902,14.625,16.821,1.326,0.5603,3.013
木頭棧板,3.922,14.7,16.85,1.323,0.5655,3.006
木頭棧板,3.942,14.775,16.879,1.3199,0.5708,2.999
木頭棧板,3.962,14.85,16.908,1.3168,0.5761,2.992
木頭棧板,3.982,14.925,16.937,1.3136,0.5815,2.985
木頭棧板,4.002,15.0,16.967,1.3105,0.5869,2.978
木頭棧板,4.022,15.075,16.997,1.3073,0.5924,2.971
木頭棧板,4.042,15.15,17.027,1.3041,0.5979,2.964
木頭棧板,4.062,15.225,17.058,1.3008,0.6035,2.956
木頭棧板,4.082,15.3,17.088,1.2976,0.6091,2.949
木頭棧板,4.102,15.375,17.118,1.2944,0.6147,2.942
木頭棧板,4.122,15.45,17.149,1.2911,0.6204,2.935
木頭棧板,4.142,15.525,17.179,1.2878,0.626,2.927
木頭棧板,4.162,15.6,17.21,1.2846,0.6317,2.92
木頭棧板,4.182,15.675,17.24,1.2813,0.6374,2.913
木頭棧板,4.202,15.75,17.271,1.2781,0.6431,2.906
木頭棧板,4.222,15.825,17.301,1.2748,0.6489,2.898
木頭棧板,4.242,15.9,17.332,1.2715,0.6546,2.891
木頭棧板,4.262,15.975,17.362,1.2683,0.6604,2.884
木頭棧板,4.282,16.05,17.393,1.265,0.6662,2.876
木頭棧板,4.302,16.125,17.424,1.2617,0.672,2.869
木頭棧板,4.322,16.2,17.454,1.2585,0.6778,2.862
木頭棧板,4.342,16.275,17.484,1.2552,0.6837,2.854
木頭棧板,4.362,16.35,17.515,1.252,0.6895,2.847
木頭棧板,4.382,16.425,17.545,1.2487,0.6954,2.839
木頭棧板,4.402,16.5,17.576,1.2455,0.7013,2.832
木頭棧板,4.422,16.575,17.606,1.2422,0.7071,2.825
木頭棧板,4.442,16.65,17.636,1.239,0.713,2.817
木頭棧板,4.462,16.725,17.667,1.2357,0.7189,2.81
木頭棧板,4.482,16.8,17.697,1.2325,0.7249,2.803
木頭棧板,4.502,16.875,17.727,1.2292,0.7308,2.795
木頭棧板,4.522,16.95,17.758,1.226,0.7368,2.788
木頭棧板,4.542,17.025,17.788,1.2228,0.7427,2.78
木頭棧板,4.562,17.1,17.818,1.2195,0.7487,2.773
木頭棧板,4.582,17.175,17.848,1.2163,0.7547,2.766
木頭棧板,4.602,17.25,17.878,1.2131,0.7607,2.758
木頭棧板,4.622,17.325,17.909,1.2098,0.7667,2.751
木頭棧板,4.642,17.4,17.939,1.2066,0.7727,2.744
木頭棧板,4.662,17.475,17.969,1.2034,0.7788,2.736
木頭棧板,4.682,17.55,17.999,1.2002,0.7848,2.729
木頭棧板,4.702,17.625,18.029,1.197,0.7909,2.721
木頭棧板,4.722,17.7,18.059,1.1938,0.7969,2.714
木頭棧板,4.742,17.775,18.089,1.1906,0.803,2.707
木頭棧板,4.762,17.85,18.119,1.1874,0.8091,2.699
木頭棧板,4.782,17.925,18.149,1.1842,0.8152,2.692
木頭棧板,4.802,18.0,18.178,1.181,0.8214,2.684
木頭棧板,4.822,18.075,18.208,1.1778,0.8275,2.677
木頭棧板,4.842,18.15,18.238,1.1746,0.8336,2.669
木頭棧板,4.862,18.225,18.268,1.1714,0.8398,2.662
木頭棧板,4.882,18.3,18.298,1.1682,0.846,2.655
木頭棧板,4.902,18.375,18.328,1.1651,0.8521,2.647
木頭棧板,4.922,18.45,18.357,1.1619,0.8583,2.64
木頭棧板,4.942,18.525,18.387,1.1587,0.8645,2.632
木頭棧板,4.962,18.6,18.417,1.1556,0.8708,2.625
木頭棧板,4.982,18.675,18.446,1.1524,0.877,2.617
木頭棧板,5.002,18.75,18.476,1.1493,0.8832,2.61
木頭棧板,5.022,18.825,18.506,1.1461,0.8895,2.603
木頭棧板,5.042,18.9,18.535,1.143,0.8957,2.595
木頭棧板,5.062,18.975,18.565,1.1398,0.902,2.588
木頭棧板,5.082,19.05,18.594,1.1367,0.9083,2.58
木頭棧板,5.102,19.125,18.624,1.1336,0.9146,2.573
木頭棧板,5.122,19.2,18.653,1.1305,0.9209,2.565
木頭棧板,5.142,19.275,18.683,1.1273,0.9272,2.558
木頭棧板,5.162,19.35,18.712,1.1242,0.9336,2.55
木頭棧板,5.182,19.425,18.742,1.1211,0.9399,2.543
木頭棧板,5.202,19.5,18.771,1.118,0.9463,2.536
木頭棧板,5.222,19.575,18.8,1.1149,0.9526,2.528
木頭棧板,5.242,19.65,18.83,1.1118,0.959,2.521
木頭棧板,5.262,19.725,18.859,1.1087,0.9654,2.513
木頭棧板,5.282,19.8,18.888,1.1057,0.9718,2.506
木頭棧板,5.302,19.875,18.918,1.1026,0.9782,2.498
木頭棧板,5.322,19.95,18.947,1.0995,0.9847,2.491
木頭棧板,5.342,20.025,18.976,1.0965,0.9911,2.483
木頭棧板,5.362,20.1,19.005,1.0934,0.9975,2.476
木頭棧板,5.382,20.175,19.034,1.0904,1.004,2.468
木頭棧板,5.402,20.25,19.063,1.0873,1.0105,2.461
木頭棧板,5.422,20.325,19.092,1.0843,1.0169,2.453
木頭棧板,5.442,20.4,19.122,1.0813,1.0234,2.446
木頭棧板,5.462,20.475,19.151,1.0782,1.0299,2.438
木頭棧板,5.482,20.55,19.18,1.0752,1.0364,2.431
木頭棧板,5.502,20.625,19.209,1.0722,1.043,2.423
木頭棧板,5.522,20.7,19.238,1.0692,1.0495,2.416
木頭棧板,5.542,20.775,19.267,1.0662,1.056,2.408
木頭棧板,5.562,20.85,19.295,1.0632,1.0626,2.401
木頭棧板,5.582,20.925,19.324,1.0603,1.0692,2.393
木頭棧板,5.602,21.0,19.353,1.0573,1.0757,2.386
木頭棧板,5.622,21.075,19.382,1.0543,1.0823,2.378
木頭棧板,5.642,21.15,19.411,1.0514,1.0889,2.371
木頭棧板,5.662,21.225,19.44,1.0484,1.0955,2.363
木頭棧板,5.682,21.3,19.468,1.0455,1.1021,2.356
木頭棧板,5.702,21.375,19.497,1.0426,1.1088,2.348
木頭棧板,5.722,21.45,19.526,1.0396,1.1154,2.341
木頭棧板,5.742,21.525,19.555,1.0367,1.1221,2.333
木頭棧板,5.762,21.6,19.583,1.0338,1.1287,2.325
木頭棧板,5.782,21.675,19.612,1.0309,1.1354,2.318
木頭棧板,5.802,21.75,19.641,1.028,1.1421,2.31
木頭棧板,5.822,21.825,19.669,1.0252,1.1488,2.303
木頭棧板,5.842,21.9,19.698,1.0223,1.1555,2.295
木頭棧板,5.862,21.975,19.726,1.0194,1.1622,2.288
木頭棧板,5.882,22.05,19.755,1.0166,1.1689,2.28
木頭棧板,5.902,22.125,19.783,1.0137,1.1756,2.273
木頭棧板,5.922,22.2,19.812,1.0109,1.1824,2.265
木頭棧板,5.942,22.275,19.84,1.0081,1.1891,2.257
木頭棧板,5.962,22.35,19.869,1.0053,1.1959,2.25
木頭棧板,5.982,22.425,19.897,1.0025,1.2027,2.242
木頭棧板,6.002,22.5,19.925,0.9997,1.2094,2.235
木頭棧板,6.022,22.575,19.954,0.9969,1.2162,2.227
木頭棧板,6.042,22.65,19.982,0.9941,1.223,2.22
木頭棧板,6.062,22.725,20.01,0.9914,1.2298,2.212
木頭棧板,6.082,22.8,20.038,0.9886,1.2367,2.204
木頭棧板,6.102,22.875,20.067,0.9859,1.2435,2.197
木頭棧板,6.122,22.95,20.095,0.9832,1.2503,2.189
木頭棧板,6.142,23.025,20.123,0.9805,1.2572,2.182
木頭棧板,6.162,23.1,20.151,0.9777,1.2641,2.174
木頭棧板,6.182,23.175,20.179,0.9751,1.2709,2.166
木頭棧板,6.202,23.25,20.207,0.9724,1.2778,2.159
木頭棧板,6.222,23.325,20.236,0.9697,1.2847,2.151
木頭棧板,6.242,23.4,20.264,0.9671,1.2916,2.144
木頭棧板,6.262,23.475,20.292,0.9644,1.2985,2.136
木頭棧板,6.282,23.55,20.32,0.9618,1.3054,2.128
木頭棧板,6.302,23.625,20.348,0.9592,1.3123,2.121
木頭棧板,6.322,23.7,20.376,0.9566,1.3193,2.113
木頭棧板,6.342,23.775,20.403,0.954,1.3262,2.106
木頭棧板,6.362,23.85,20.431,0.9514,1.3332,2.098
木頭棧板,6.382,23.925,20.459,0.9488,1.3402,2.09
木頭棧板,6.402,24.0,20.487,0.9463,1.3471,2.083
木頭棧板,6.422,24.075,20.515,0.9437,1.3541,2.075
木頭棧板,6.442,24.15,20.543,0.9412,1.3611,2.067
木頭棧板,6.462,24.225,20.57,0.9387,1.3681,2.06
木頭棧板,6.482,24.3,20.598,0.9362,1.3751,2.052
木頭棧板,6.502,24.375,20.626,0.9337,1.3821,2.045
木頭棧板,6.522,24.45,20.654,0.9313,1.3892,2.037
木頭棧板,6.542,24.525,20.681,0.9288,1.3962,2.029
木頭棧板,6.562,24.6,20.709,0.9264,1.4033,2.022
木頭棧板,6.582,24.675,20.737,0.9239,1.4103,2.014
木頭棧板,6.602,24.75,20.764,0.9215,1.4174,2.006
木頭棧板,6.622,24.825,20.792,0.9191,1.4245,1.999
木頭棧板,6.642,24.9,20.819,0.9168,1.4315,1.991
木頭棧板,6.662,24.975,20.847,0.9144,1.4386,1.983
木頭棧板,6.682,25.05,20.874,0.9121,1.4457,1.976
木頭棧板,6.702,25.125,20.902,0.9097,1.4528,1.968
木頭棧板,6.722,25.2,20.929,0.9074,1.46,1.96
木頭棧板,6.742,25.275,20.957,0.9051,1.4671,1.953
木頭棧板,6.762,25.35,20.984,0.9029,1.4742,1.945
木頭棧板,6.782,25.425,21.011,0.9006,1.4814,1.937
木頭棧板,6.802,25.5,21.039,0.8983,1.4885,1.93
木頭棧板,6.822,25.575,21.066,0.8961,1.4957,1.922
木頭棧板,6.842,25.65,21.093,0.8939,1.5029,1.914
木頭棧板,6.862,25.725,21.121,0.8917,1.51,1.907
木頭棧板,6.882,25.8,21.148,0.8895,1.5172,1.899
木頭棧板,6.902,25.875,21.175,0.8874,1.5244,1.891
木頭棧板,6.922,25.95,21.202,0.8852,1.5316,1.883
木頭棧板,6.942,26.025,21.229,0.8831,1.5389,1.876
木頭棧板,6.962,26.1,21.257,0.881,1.5461,1.868
木頭棧板,6.982,26.175,21.284,0.8789,1.5533,1.86
木頭棧板,7.002,26.25,21.311,0.8769,1.5605,1.853
木頭棧板,7.022,26.325,21.338,0.8748,1.5678,1.845
木頭棧板,7.042,26.4,21.365,0.8728,1.575,1.837
木頭棧板,7.062,26.475,21.392,0.8708,1.5823,1.829
木頭棧板,7.082,26.55,21.419,0.8688,1.5896,1.822
木頭棧板,7.102,26.625,21.446,0.8669,1.5969,1.814
木頭棧板,7.122,26.7,21.473,0.8649,1.6042,1.806
木頭棧板,7.142,26.775,21.5,0.863,1.6115,1.799
木頭棧板,7.162,26.85,21.527,0.8611,1.6188,1.791
木頭棧板,7.182,26.925,21.553,0.8592,1.6261,1.783
木頭棧板,7.202,27.0,21.58,0.8573,1.6334,1.775
木頭棧板,7.222,27.075,21.607,0.8555,1.6407,1.768
木頭棧板,7.242,27.15,21.634,0.8537,1.6481,1.76
木頭棧板,7.262,27.225,21.661,0.8519,1.6554,1.752
木頭棧板,7.282,27.3,21.687,0.8501,1.6628,1.744
木頭棧板,7.302,27.375,21.714,0.8483,1.6701,1.737
木頭棧板,7.322,27.45,21.741,0.8466,1.6775,1.729
木頭棧板,7.342,27.525,21.767,0.8449,1.6849,1.721
木頭棧板,7.362,27.6,21.794,0.8432,1.6923,1.713
木頭棧板,7.382,27.675,21.821,0.8416,1.6996,1.705
木頭棧板,7.402,27.75,21.847,0.8399,1.707,1.698
木頭棧板,7.422,27.825,21.874,0.8383,1.7145,1.69
木頭棧板,7.442,27.9,21.9,0.8367,1.7219,1.682
木頭棧板,7.462,27.975,21.927,0.8351,1.7293,1.674
木頭棧板,7.482,28.05,21.953,0.8336,1.7367,1.667
木頭棧板,7.502,28.125,21.98,0.8321,1.7442,1.659
木頭棧板,7.522,28.2,22.006,0.8306,1.7516,1.651
木頭棧板,7.542,28.275,22.033,0.8291,1.7591,1.643
木頭棧板,7.562,28.35,22.059,0.8276,1.7665,1.635
木頭棧板,7.582,28.425,22.085,0.8262,1.774,1.628
木頭棧板,7.602,28.5,22.112,0.8248,1.7815,1.62
木頭棧板,7.622,28.575,22.138,0.8234,1.789,1.612
木頭棧板,7.642,28.65,22.164,0.8221,1.7965,1.604
木頭棧板,7.662,28.725,22.191,0.8207,1.804,1.596
木頭棧板,7.682,28.8,22.217,0.8194,1.8115,1.588
木頭棧板,7.702,28.875,22.243,0.8181,1.8191,1.581
木頭棧板,7.722,28.95,22.27,0.8169,1.8267,1.573
木頭棧板,7.742,29.025,22.296,0.8157,1.8342,1.565
木頭棧板,7.762,29.1,22.323,0.8144,1.8418,1.557
木頭棧板,7.782,29.175,22.349,0.8133,1.8494,1.549
木頭棧板,7.802,29.25,22.375,0.8121,1.8571,1.541
木頭棧板,7.822,29.325,22.402,0.811,1.8647,1.533
木頭棧板,7.842,29.4,22.428,0.8099,1.8724,1.525
木頭棧板,7.862,29.475,22.455,0.8088,1.88,1.517
木頭棧板,7.882,29.55,22.481,0.8078,1.8877,1.509
木頭棧板,7.902,29.625,22.507,0.8067,1.8954,1.501
木頭棧板,7.922,29.7,22.534,0.8058,1.9031,1.493
木頭棧板,7.942,29.775,22.56,0.8048,1.9108,1.485
木頭棧板,7.962,29.85,22.586,0.8039,1.9186,1.477
木頭棧板,7.982,29.925,22.613,0.803,1.9263,1.469
木頭棧板,8.002,30.0,22.639,0.8021,1.9341,1.461
木頭棧板,8.022,30.075,22.666,0.8013,1.9418,1.453
木頭棧板,8.042,30.15,22.692,0.8005,1.9496,1.445
木頭棧板,8.062,30.225,22.718,0.7997,1.9574,1.437
木頭棧板,8.082,30.3,22.745,0.7989,1.9652,1.429
木頭棧板,8.102,30.375,22.771,0.7982,1.973,1.421
木頭棧板,8.122,30.45,22.797,0.7975,1.9808,1.412
木頭棧板,8.142,30.525,22.823,0.7969,1.9887,1.404
木頭棧板,8.162,30.6,22.85,0.7962,1.9965,1.396
木頭棧板,8.182,30.675,22.876,0.7956,2.0044,1.388
木頭棧板,8.202,30.75,22.902,0.7951,2.0122,1.38
木頭棧板,8.222,30.825,22.928,0.7945,2.0201,1.372
木頭棧板,8.242,30.9,22.955,0.7941,2.028,1.364
木頭棧板,8.262,30.975,22.981,0.7936,2.0359,1.356
木頭棧板,8.282,31.05,23.007,0.7932,2.0438,1.347
木頭棧板,8.302,31.125,23.033,0.7928,2.0517,1.339
木頭棧板,8.322,31.2,23.06,0.7924,2.0596,1.331
木頭棧板,8.342,31.275,23.086,0.7921,2.0676,1.323
木頭棧板,8.362,31.35,23.112,0.7918,2.0755,1.315
木頭棧板,8.382,31.425,23.138,0.7915,2.0835,1.307
木頭棧板,8.402,31.5,23.164,0.7913,2.0914,1.298
木頭棧板,8.422,31.575,23.19,0.7911,2.0994,1.29
木頭棧板,8.442,31.65,23.216,0.7909,2.1074,1.282
木頭棧板,8.462,31.725,23.242,0.7908,2.1154,1.274
木頭棧板,8.482,31.8,23.269,0.7907,2.1234,1.265
木頭棧板,8.502,31.875,23.295,0.7906,2.1314,1.257
木頭棧板,8.522,31.95,23.321,0.7906,2.1394,1.249
木頭棧板,8.542,32.025,23.347,0.7906,2.1475,1.241
木頭棧板,8.562,32.1,23.373,0.7906,2.1555,1.232
木頭棧板,8.582,32.175,23.399,0.7907,2.1636,1.224
木頭棧板,8.602,32.25,23.425,0.7908,2.1716,1.216
木頭棧板,8.622,32.325,23.451,0.7909,2.1797,1.208
木頭棧板,8.642,32.4,23.476,0.7911,2.1878,1.199
木頭棧板,8.662,32.475,23.502,0.7913,2.1959,1.191
木頭棧板,8.682,32.55,23.528,0.7916,2.204,1.183
木頭棧板,8.702,32.625,23.554,0.7919,2.2121,1.174
木頭棧板,8.722,32.7,23.58,0.7922,2.2202,1.166
木頭棧板,8.742,32.775,23.606,0.7925,2.2283,1.158
木頭棧板,8.762,32.85,23.632,0.7929,2.2364,1.15
木頭棧板,8.782,32.925,23.658,0.7933,2.2446,1.141
木頭棧板,8.802,33.0,23.683,0.7938,2.2527,1.133
木頭棧板,8.822,33.075,23.709,0.7943,2.2609,1.125
木頭棧板,8.842,33.15,23.735,0.7948,2.269,1.116
木頭棧板,8.862,33.225,23.761,0.7954,2.2772,1.108
木頭棧板,8.882,33.3,23.786,0.796,2.2854,1.1
木頭棧板,8.902,33.375,23.812,0.7966,2.2936,1.091
木頭棧板,8.922,33.45,23.838,0.7973,2.3018,1.083
木頭棧板,8.942,33.525,23.863,0.798,2.31,1.074
木頭棧板,8.962,33.6,23.889,0.7988,2.3182,1.066
木頭棧板,8.982,33.675,23.915,0.7995,2.3264,1.058
木頭棧板,9.002,33.75,23.94,0.8003,2.3346,1.049
木頭棧板,9.022,33.825,23.966,0.8012,2.3429,1.041
木頭棧板,9.042,33.9,23.992,0.8021,2.3511,1.033
木頭棧板,9.062,33.975,24.017,0.803,2.3594,1.024
木頭棧板,9.082,34.05,24.043,0.804,2.3676,1.016
木頭棧板,9.102,34.125,24.068,0.805,2.3759,1.007
木頭棧板,9.122,34.2,24.094,0.806,2.3842,0.999
木頭棧板,9.142,34.275,24.119,0.8071,2.3925,0.99
木頭棧板,9.162,34.35,24.145,0.8082,2.4008,0.982
木頭棧板,9.182,34.425,24.17,0.8093,2.409,0.974
木頭棧板,9.202,34.5,24.196,0.8105,2.4174,0.965
木頭棧板,9.222,34.575,24.221,0.8117,2.4257,0.957
木頭棧板,9.242,34.65,24.247,0.813,2.434,0.948
木頭棧板,9.262,34.725,24.272,0.8143,2.4423,0.94
木頭棧板,9.282,34.8,24.297,0.8156,2.4506,0.931
木頭棧板,9.302,34.875,24.323,0.817,2.459,0.923
木頭棧板,9.322,34.95,24.348,0.8184,2.4673,0.914
木頭棧板,9.342,35.025,24.373,0.8198,2.4757,0.906
木頭棧板,9.362,35.1,24.399,0.8213,2.484,0.897
木頭棧板,9.382,35.175,24.424,0.8228,2.4924,0.889
木頭棧板,9.402,35.25,24.449,0.8243,2.5008,0.88
木頭棧板,9.422,35.325,24.475,0.8259,2.5091,0.872
木頭棧板,9.442,35.4,24.5,0.8275,2.5175,0.863
木頭棧板,9.462,35.475,24.525,0.8291,2.5259,0.855
木頭棧板,9.482,35.55,24.55,0.8308,2.5343,0.846
木頭棧板,9.502,35.625,24.576,0.8325,2.5427,0.837
木頭棧板,9.522,35.7,24.601,0.8343,2.5511,0.829
木頭棧板,9.542,35.775,24.626,0.8361,2.5596,0.82
木頭棧板,9.562,35.85,24.651,0.8379,2.568,0.812
木頭棧板,9.582,35.925,24.676,0.8397,2.5764,0.803
木頭棧板,9.602,36.0,24.701,0.8416,2.5848,0.795
木頭棧板,9.622,36.075,24.726,0.8436,2.5933,0.786
木頭棧板,9.642,36.15,24.751,0.8455,2.6017,0.777
木頭棧板,9.662,36.225,24.776,0.8475,2.6102,0.769
木頭棧板,9.682,36.3,24.801,0.8495,2.6187,0.76
木頭棧板,9.702,36.375,24.826,0.8516,2.6271,0.752
木頭棧板,9.722,36.45,24.851,0.8537,2.6356,0.743
木頭棧板,9.742,36.525,24.876,0.8558,2.6441,0.734
木頭棧板,9.762,36.6,24.901,0.858,2.6526,0.726
木頭棧板,9.782,36.675,24.926,0.8602,2.6611,0.717
木頭棧板,9.802,36.75,24.951,0.8624,2.6696,0.708
木頭棧板,9.822,36.825,24.976,0.8646,2.6781,0.7
木頭棧板,9.842,36.9,25.001,0.8669,2.6866,0.691
木頭棧板,9.862,36.975,25.026,0.8692,2.6951,0.682
木頭棧板,9.882,37.05,25.051,0.8716,2.7036,0.674
木頭棧板,9.902,37.125,25.076,0.874,2.7121,0.665
木頭棧板,9.922,37.2,25.1,0.8764,2.7207,0.656
木頭棧板,9.942,37.275,25.125,0.8788,2.7292,0.648
木頭棧板,9.962,37.35,25.15,0.8813,2.7377,0.639
木頭棧板,9.982,37.425,25.175,0.8838,2.7463,0.63
木頭棧板,10.002,37.5,25.199,0.8864,2.7549,0.622
木頭棧板,10.022,37.575,25.224,0.889,2.7634,0.613
木頭棧板,10.042,37.65,25.249,0.8916,2.772,0.604
木頭棧板,10.062,37.725,25.273,0.8942,2.7806,0.595
木頭棧板,10.082,37.8,25.298,0.8969,2.7891,0.587
木頭棧板,10.102,37.875,25.323,0.8996,2.7977,0.578
木頭棧板,10.122,37.95,25.347,0.9023,2.8063,0.569
木頭棧板,10.142,38.025,25.372,0.905,2.8149,0.56
木頭棧板,10.162,38.1,25.396,0.9078,2.8235,0.552
木頭棧板,10.182,38.175,25.421,0.9106,2.8321,0.543
木頭棧板,10.202,38.25,25.445,0.9135,2.8407,0.534
木頭棧板,10.222,38.325,25.47,0.9163,2.8493,0.525
木頭棧板,10.242,38.4,25.494,0.9192,2.858,0.517
木頭棧板,10.262,38.475,25.519,0.9222,2.8666,0.508
木頭棧板,10.282,38.55,25.543,0.9251,2.8752,0.499
木頭棧板,10.302,38.625,25.568,0.9281,2.8839,0.49
木頭棧板,10.322,38.7,25.592,0.9311,2.8925,0.481
木頭棧板,10.342,38.775,25.617,0.9342,2.9012,0.473
木頭棧板,10.362,38.85,25.641,0.9372,2.9098,0.464
木頭棧板,10.382,38.925,25.665,0.9403,2.9185,0.455
木頭棧板,10.402,39.0,25.69,0.9435,2.9272,0.446
木頭棧板,10.422,39.075,25.714,0.9466,2.9358,0.437
木頭棧板,10.442,39.15,25.738,0.9498,2.9445,0.429
木頭棧板,10.462,39.225,25.763,0.953,2.9532,0.42
木頭棧板,10.482,39.3,25.787,0.9562,2.9619,0.411
木頭棧板,10.502,39.375,25.811,0.9595,2.9706,0.402
木頭棧板,10.522,39.45,25.835,0.9628,2.9793,0.393
木頭棧板,10.542,39.525,25.859,0.9661,2.988,0.384
木頭棧板,10.562,39.6,25.884,0.9694,2.9967,0.375
木頭棧板,10.582,39.675,25.908,0.9728,3.0054,0.367
木頭棧板,10.602,39.75,25.932,0.9761,3.0141,0.358
木頭棧板,10.622,39.825,25.956,0.9796,3.0228,0.349
木頭棧板,10.642,39.9,25.98,0.983,3.0316,0.34
木頭棧板,10.662,39.975,26.004,0.9864,3.0403,0.331
木頭棧板,10.682,40.05,26.028,0.9899,3.049,0.322
木頭棧板,10.702,40.125,26.052,0.9934,3.0578,0.313
木頭棧板,10.722,40.2,26.076,0.997,3.0665,0.304
木頭棧板,10.742,40.275,26.1,1.0005,3.0753,0.295
木頭棧板,10.762,40.35,26.124,1.0041,3.084,0.286
木頭棧板,10.782,40.425,26.148,1.0078,3.0928,0.278
木頭棧板,10.802,40.5,26.172,1.0114,3.1015,0.269
木頭棧板,10.822,40.575,26.196,1.0151,3.1103,0.26
木頭棧板,10.842,40.65,26.22,1.0188,3.1191,0.251
木頭棧板,10.862,40.725,26.244,1.0225,3.1278,0.242
木頭棧板,10.882,40.8,26.268,1.0262,3.1366,0.233
木頭棧板,10.902,40.875,26.292,1.0299,3.1454,0.224
木頭棧板,10.922,40.95,26.316,1.0337,3.1542,0.215
木頭棧板,10.942,41.025,26.339,1.0375,3.163,0.206
木頭棧板,10.962,41.1,26.363,1.0413,3.1718,0.197
木頭棧板,10.982,41.175,26.387,1.0452,3.1806,0.188
木頭棧板,11.002,41.25,26.411,1.049,3.1894,0.179
木頭棧板,11.022,41.325,26.434,1.0529,3.1982,0.17
木頭棧板,11.042,41.4,26.458,1.0568,3.207,0.161
木頭棧板,11.062,41.475,26.482,1.0607,3.2159,0.152
木頭棧板,11.082,41.55,26.505,1.0646,3.2247,0.143
木頭棧板,11.102,41.625,26.529,1.0686,3.2335,0.134
木頭棧板,11.122,41.7,26.553,1.0726,3.2424,0.125
木頭棧板,11.142,41.775,26.576,1.0766,3.2512,0.116
木頭棧板,11.162,41.85,26.6,1.0806,3.26,0.107
木頭棧板,11.182,41.925,26.623,1.0846,3.2689,0.098
木頭棧板,11.202,42.0,26.647,1.0887,3.2778,0.089
木頭棧板,11.222,42.075,26.67,1.0927,3.2866,0.08
木頭棧板,11.242,42.15,26.694,1.0968,3.2955,0.071
木頭棧板,11.262,42.225,26.717,1.1009,3.3044,0.062
木頭棧板,11.282,42.3,26.741,1.1051,3.3132,0.053
木頭棧板,11.302,42.375,26.764,1.1092,3.3221,0.044
木頭棧板,11.322,42.45,26.788,1.1134,3.331,0.034
木頭棧板,11.342,42.525,26.811,1.1175,3.3399,0.025
木頭棧板,11.362,42.6,26.834,1.1217,3.3488,0.016
木頭棧板,11.382,42.675,26.858,1.1259,3.3577,0.007
木頭棧板,11.402,42.75,26.88,1.1294,3.3668,0.0
木頭棧板,11.422,42.825,26.897,1.1303,3.3761,0.0
木頭棧板,11.442,42.9,26.913,1.1303,3.3852,0.0
木頭棧板,11.462,42.975,26.928,1.1297,3.3945,0.0
木頭棧板,11.482,43.05,26.943,1.1279,3.405,0.0
木頭棧板,11.502,43.125,26.962,1.1209,3.4223,0.0
木頭棧板,11.522,43.2,26.981,1.1124,3.442,0.0
木頭棧板,11.542,43.275,27.001,1.1035,3.4621,0.0
木頭棧板,11.562,43.35,27.021,1.0946,3.4822,0.0
木頭棧板,11.582,43.425,27.04,1.0858,3.5023,0.0
木頭棧板,11.602,43.5,27.059,1.0769,3.5225,0.0
木頭棧板,11.622,43.575,27.079,1.068,3.5427,0.0
木頭棧板,11.642,43.65,27.099,1.059,3.5629,0.0
木頭棧板,11.662,43.725,27.118,1.0501,3.5833,0.0
木頭棧板,11.682,43.8,27.138,1.0412,3.6037,0.0
木頭棧板,11.702,43.875,27.158,1.0322,3.6242,0.0
木頭棧板,11.722,43.95,27.178,1.0233,3.6447,0.0
木頭棧板,11.742,44.025,27.198,1.0143,3.6653,0.0
木頭棧板,11.762,44.1,27.218,1.0053,3.686,0.0
木頭棧板,11.782,44.175,27.238,0.9963,3.7068,0.0
木頭棧板,11.802,44.25,27.258,0.9873,3.7277,0.0
木頭棧板,11.822,44.325,27.279,0.9783,3.7486,0.0
木頭棧板,11.842,44.4,27.299,0.9693,3.7695,0.0
木頭棧板,11.862,44.475,27.319,0.9602,3.7906,0.0
木頭棧板,11.882,44.55,27.34,0.9512,3.8116,0.0
木頭棧板,11.902,44.625,27.36,0.9421,3.8328,0.0
木頭棧板,11.922,44.7,27.381,0.9331,3.854,0.0
木頭棧板,11.942,44.775,27.402,0.924,3.8753,0.0
木頭棧板,11.962,44.85,27.422,0.9149,3.8966,0.0
木頭棧板,11.982,44.925,27.443,0.9058,3.918,0.0
塑膠棧板,0.002,0.0,10.781,0.0002,0.0011,0.0
塑膠棧板,0.022,0.075,10.71,0.002,0.0154,0.0
塑膠棧板,0.042,0.15,10.637,0.004,0.0308,0.0
塑膠棧板,0.062,0.225,10.558,0.006,0.0445,0.0
塑膠棧板,0.082,0.3,10.477,0.008,0.0562,0.0
塑膠棧板,0.102,0.375,10.404,0.0099,0.066,0.0
塑膠棧板,0.122,0.45,10.342,0.0116,0.0743,0.0
塑膠棧板,0.142,0.525,10.294,0.0133,0.081,0.0
塑膠棧板,0.162,0.6,10.262,0.015,0.0862,0.0
塑膠棧板,0.182,0.675,10.245,0.0167,0.0897,0.0
塑膠棧板,0.202,0.75,10.244,0.0183,0.0916,0.0
塑膠棧板,0.222,0.825,10.259,0.0199,0.0918,0.0
塑膠棧板,0.242,0.9,10.29,0.0216,0.0904,0.0
塑膠棧板,0.262,0.975,10.334,0.0232,0.0875,0.0
塑膠棧板,0.282,1.05,10.393,0.0249,0.0832,0.0
塑膠棧板,0.302,1.125,10.463,0.0267,0.0776,0.0
塑膠棧板,0.322,1.2,10.544,0.0285,0.0708,0.0
塑膠棧板,0.342,1.275,10.635,0.0303,0.063,0.0
塑膠棧板,0.362,1.35,10.735,0.0322,0.0542,0.0
塑膠棧板,0.382,1.425,10.841,0.0341,0.0446,0.0
塑膠棧板,0.402,1.5,10.952,0.0361,0.0344,0.0
塑膠棧板,0.422,1.575,11.068,0.0382,0.0235,0.0
塑膠棧板,0.442,1.65,11.106,0.0389,0.0199,0.0
塑膠棧板,0.462,1.725,11.093,0.039,0.0217,0.0
塑膠棧板,0.482,1.8,11.078,0.0397,0.0239,0.0
塑膠棧板,0.502,1.875,11.069,0.0406,0.0256,0.0
塑膠棧板,0.522,1.95,11.066,0.0415,0.0269,0.0
塑膠棧板,0.542,2.025,11.065,0.0424,0.028,0.0
塑膠棧板,0.562,2.1,11.065,0.0433,0.0291,0.0
塑膠棧板,0.582,2.175,11.065,0.0443,0.0301,0.0
塑膠棧板,0.602,2.25,11.065,0.0452,0.031,0.0
塑膠棧板,0.622,2.325,11.066,0.0461,0.032,0.0
塑膠棧板,0.642,2.4,11.066,0.0469,0.0329,0.0
塑膠棧板,0.662,2.475,11.067,0.0478,0.0338,0.0
塑膠棧板,0.682,2.55,11.068,0.0486,0.0347,0.0
塑膠棧板,0.702,2.625,11.068,0.0494,0.0355,0.0
塑膠棧板,0.722,2.7,11.069,0.0502,0.0363,0.0
塑膠棧板,0.742,2.775,11.069,0.051,0.0372,0.0
塑膠棧板,0.762,2.85,11.07,0.0518,0.038,0.0
塑膠棧板,0.782,2.925,11.07,0.0525,0.0388,0.0
塑膠棧板,0.802,3.0,11.071,0.0533,0.0396,0.0
塑膠棧板,0.822,3.075,11.072,0.054,0.0404,0.0
塑膠棧板,0.842,3.15,11.072,0.0548,0.0412,0.0
塑膠棧板,0.862,3.225,11.073,0.0555,0.042,0.0
塑膠棧板,0.882,3.3,11.074,0.0563,0.0428,0.0
塑膠棧板,0.902,3.375,11.074,0.057,0.0436,0.0
塑膠棧板,0.922,3.45,11.075,0.0577,0.0444,0.0
塑膠棧板,0.942,3.525,11.076,0.0585,0.0452,0.0
塑膠棧板,0.962,3.6,11.077,0.0592,0.046,0.0
塑膠棧板,0.982,3.675,11.077,0.0599,0.0468,0.0
塑膠棧板,1.002,3.75,11.078,0.0606,0.0476,0.0
塑膠棧板,1.022,3.825,11.079,0.0613,0.0483,0.0
塑膠棧板,1.042,3.9,11.08,0.062,0.0491,0.0
塑膠棧板,1.062,3.975,11.081,0.0627,0.0499,0.001
塑膠棧板,1.082,4.05,11.082,0.0634,0.0506,0.001
塑膠棧板,1.102,4.125,11.083,0.0641,0.0514,0.001
塑膠棧板,1.122,4.2,11.083,0.0648,0.0521,0.001
塑膠棧板,1.142,4.275,11.084,0.0654,0.0529,0.001
塑膠棧板,1.162,4.35,11.085,0.0661,0.0536,0.001
塑膠棧板,1.182,4.425,11.086,0.0668,0.0544,0.001
塑膠棧板,1.202,4.5,11.087,0.0674,0.0551,0.001
塑膠棧板,1.222,4.575,11.089,0.0681,0.0559,0.001
塑膠棧板,1.242,4.65,11.09,0.0687,0.0566,0.001
塑膠棧板,1.262,4.725,11.091,0.0694,0.0573,0.001
塑膠棧板,1.282,4.8,11.092,0.07,0.0581,0.001
塑膠棧板,1.302,4.875,11.093,0.0706,0.0588,0.001
塑膠棧板,1.322,4.95,11.094,0.0713,0.0595,0.001
塑膠棧板,1.342,5.025,11.095,0.0719,0.0602,0.001
塑膠棧板,1.362,5.1,11.097,0.0725,0.061,0.001
塑膠棧板,1.382,5.175,11.098,0.0731,0.0617,0.001
塑膠棧板,1.402,5.25,11.099,0.0737,0.0624,0.001
塑膠棧板,1.422,5.325,11.1,0.0744,0.0631,0.001
塑膠棧板,1.442,5.4,11.102,0.075,0.0638,0.001
塑膠棧板,1.462,5.475,11.103,0.0756,0.0646,0.001
塑膠棧板,1.482,5.55,11.104,0.0762,0.0653,0.001
塑膠棧板,1.502,5.625,11.106,0.0768,0.066,0.001
塑膠棧板,1.522,5.7,11.107,0.0774,0.0667,0.001
塑膠棧板,1.542,5.775,11.108,0.078,0.0674,0.001
塑膠棧板,1.562,5.85,11.11,0.0786,0.0681,0.001
塑膠棧板,1.582,5.925,11.111,0.0792,0.0688,0.001
塑膠棧板,1.602,6.0,11.114,0.0797,0.0696,0.001
塑膠棧板,1.622,6.075,11.119,0.0803,0.0706,0.001
塑膠棧板,1.642,6.15,11.129,0.0809,0.0719,0.001
塑膠棧板,1.662,6.225,11.143,0.0814,0.0737,0.001
塑膠棧板,1.682,6.3,11.163,0.0819,0.0758,0.001
塑膠棧板,1.702,6.375,11.187,0.0824,0.0784,0.001
塑膠棧板,1.722,6.45,11.216,0.0829,0.0813,0.001
塑膠棧板,1.742,6.525,11.25,0.0834,0.0847,0.001
塑膠棧板,1.762,6.6,11.287,0.0838,0.0884,0.001
塑膠棧板,1.782,6.675,11.327,0.0842,0.0923,0.001
塑膠棧板,1.802,6.75,11.37,0.0846,0.0966,0.001
塑膠棧板,1.822,6.825,11.415,0.085,0.101,0.001
塑膠棧板,1.842,6.9,11.46,0.0853,0.1055,0.001
塑膠棧板,1.862,6.975,11.507,0.0856,0.1102,0.001
塑膠棧板,1.882,7.05,11.554,0.0859,0.1149,0.001
塑膠棧板,1.902,7.125,11.6,0.0862,0.1196,0.001
塑膠棧板,1.922,7.2,11.647,0.0864,0.1244,0.001
塑膠棧板,1.942,7.275,11.693,0.0866,0.1291,0.001
塑膠棧板,1.962,7.35,11.738,0.0868,0.1339,0.001
塑膠棧板,1.982,7.425,11.783,0.087,0.1386,0.001
塑膠棧板,2.002,7.5,11.827,0.0872,0.1432,0.001
塑膠棧板,2.022,7.575,11.871,0.0874,0.1479,0.001
塑膠棧板,2.042,7.65,11.913,0.0876,0.1525,0.001
塑膠棧板,2.062,7.725,11.956,0.0877,0.1571,0.001
塑膠棧板,2.082,7.8,11.998,0.0879,0.1617,0.001
塑膠棧板,2.102,7.875,12.039,0.088,0.1662,0.001
塑膠棧板,2.122,7.95,12.08,0.0881,0.1708,0.001
塑膠棧板,2.142,8.025,12.121,0.0882,0.1754,0.001
塑膠棧板,2.162,8.1,12.162,0.0883,0.1799,0.001
塑膠棧板,2.182,8.175,12.203,0.0884,0.1845,0.001
塑膠棧板,2.202,8.25,12.243,0.0884,0.1892,0.001
塑膠棧板,2.222,8.325,12.284,0.0885,0.1938,0.001
塑膠棧板,2.242,8.4,12.325,0.0885,0.1985,0.001
塑膠棧板,2.262,8.475,12.366,0.0885,0.2032,0.001
塑膠棧板,2.282,8.55,12.406,0.0885,0.2079,0.001
塑膠棧板,2.302,8.625,12.447,0.0885,0.2127,0.001
塑膠棧板,2.322,8.7,12.488,0.0884,0.2175,0.001
塑膠棧板,2.342,8.775,12.529,0.0884,0.2223,0.001
塑膠棧板,2.362,8.85,12.57,0.0883,0.2272,0.001
塑膠棧板,2.382,8.925,12.611,0.0882,0.2321,0.001
塑膠棧板,2.402,9.0,12.653,0.0881,0.237,0.001
塑膠棧板,2.422,9.075,12.694,0.088,0.242,0.001
塑膠棧板,2.442,9.15,12.735,0.0878,0.247,0.001
塑膠棧板,2.462,9.225,12.776,0.0877,0.252,0.001
塑膠棧板,2.482,9.3,12.817,0.0875,0.257,0.001
塑膠棧板,2.502,9.375,12.858,0.0872,0.262,0.001
塑膠棧板,2.522,9.45,12.9,0.087,0.267,0.001
塑膠棧板,2.542,9.525,12.941,0.0867,0.2721,0.001
塑膠棧板,2.562,9.6,12.982,0.0864,0.2772,0.001
塑膠棧板,2.582,9.675,13.024,0.0861,0.2823,0.002
塑膠棧板,2.602,9.75,13.065,0.0858,0.2873,0.004
塑膠棧板,2.622,9.825,13.108,0.0857,0.2924,0.008
塑膠棧板,2.642,9.9,13.15,0.0858,0.2974,0.015
塑膠棧板,2.662,9.975,13.193,0.0862,0.3024,0.024
塑膠棧板,2.682,10.05,13.237,0.0871,0.3072,0.037
塑膠棧板,2.702,10.125,13.282,0.0888,0.3118,0.053
塑膠棧板,2.722,10.2,13.327,0.0917,0.3163,0.074
塑膠棧板,2.742,10.275,13.374,0.0961,0.3206,0.098
塑膠棧板,2.762,10.35,13.423,0.1025,0.3247,0.127
塑膠棧板,2.782,10.425,13.472,0.1111,0.3287,0.159
塑膠棧板,2.802,10.5,13.523,0.1219,0.3326,0.195
塑膠棧板,2.822,10.575,13.576,0.135,0.3363,0.235
塑膠棧板,2.842,10.65,13.632,0.1194,0.3388,0.319
塑膠棧板,2.862,10.725,13.689,0.1478,0.3421,0.372
塑膠棧板,2.882,10.8,13.749,0.1851,0.3452,0.426
塑膠棧板,2.902,10.875,13.813,0.2217,0.3478,0.49
塑膠棧板,2.922,10.95,13.882,0.2579,0.3499,0.562
塑膠棧板,2.942,11.025,13.955,0.295,0.3517,0.642
塑膠棧板,2.962,11.1,14.031,0.293,0.3523,0.769
塑膠棧板,2.982,11.175,14.108,0.3505,0.3538,0.86
塑膠棧板,3.002,11.25,14.188,0.409,0.3552,0.953
塑膠棧板,3.022,11.325,14.272,0.4629,0.3562,1.052
塑膠棧板,3.042,11.4,14.358,0.5138,0.3571,1.155
塑膠棧板,3.062,11.475,14.447,0.5208,0.357,1.302
塑膠棧板,3.082,11.55,14.534,0.5874,0.3581,1.408
塑膠棧板,3.102,11.625,14.624,0.6524,0.3592,1.513
塑膠棧板,3.122,11.7,14.714,0.7107,0.3602,1.621
塑膠棧板,3.142,11.775,14.807,0.7419,0.3609,1.747
塑膠棧板,3.162,11.85,14.898,0.7745,0.3614,1.88
塑膠棧板,3.182,11.925,14.988,0.843,0.3628,1.984
塑膠棧板,3.202,12.0,15.079,0.9061,0.3643,2.088
塑膠棧板,3.222,12.075,15.171,0.9621,0.3657,2.192
塑膠棧板,3.242,12.15,15.263,0.9834,0.3666,2.321
塑膠棧板,3.262,12.225,15.353,1.0228,0.3677,2.442
塑膠棧板,3.282,12.3,15.442,1.0893,0.3696,2.541
塑膠棧板,3.302,12.375,15.531,1.1497,0.3714,2.64
塑膠棧板,3.322,12.45,15.62,1.2032,0.3731,2.74
塑膠棧板,3.342,12.525,15.71,1.2223,0.3743,2.864
塑膠棧板,3.362,12.6,15.798,1.2598,0.3756,2.981
塑膠棧板,3.382,12.675,15.884,1.325,0.3776,3.077
塑膠棧板,3.402,12.75,15.971,1.3843,0.3795,3.173
塑膠棧板,3.422,12.825,16.038,1.4184,0.3829,3.23
塑膠棧板,3.442,12.9,16.074,1.4089,0.3896,3.204
塑膠棧板,3.462,12.975,16.112,1.3956,0.397,3.172
塑膠棧板,3.482,13.05,16.155,1.3878,0.4043,3.153
塑膠棧板,3.502,13.125,16.198,1.3829,0.4112,3.142
塑膠棧板,3.522,13.2,16.239,1.3786,0.4179,3.132
塑膠棧板,3.542,13.275,16.279,1.3746,0.4243,3.123
塑膠棧板,3.562,13.35,16.316,1.3705,0.4305,3.114
塑膠棧板,3.582,13.425,16.35,1.3668,0.4363,3.106
塑膠棧板,3.602,13.5,16.383,1.3635,0.4419,3.098
塑膠棧板,3.622,13.575,16.415,1.3606,0.4473,3.092
塑膠棧板,3.642,13.65,16.445,1.3568,0.4526,3.083
塑膠棧板,3.662,13.725,16.474,1.3546,0.4576,3.079
塑膠棧板,3.682,13.8,16.502,1.3511,0.4626,3.071
塑膠棧板,3.702,13.875,16.53,1.3486,0.4675,3.065
塑膠棧板,3.722,13.95,16.558,1.3463,0.4724,3.06
塑膠棧板,3.742,14.025,16.584,1.343,0.4773,3.052
塑膠棧板,3.762,14.1,16.611,1.3397,0.4822,3.045
塑膠棧板,3.782,14.175,16.639,1.3367,0.4872,3.038
塑膠棧板,3.802,14.25,16.666,1.3336,0.4922,3.032
塑膠棧板,3.822,14.325,16.694,1.3306,0.4973,3.025
塑膠棧板,3.842,14.4,16.723,1.3276,0.5025,3.018
塑膠棧板,3.862,14.475,16.752,1.3246,0.5077,3.011
塑膠棧板,3.882,14.55,16.781,1.3215,0.513,3.004
塑膠棧板,3.902,14.625,16.811,1.3184,0.5184,2.997
塑膠棧板,3.922,14.7,16.84,1.3153,0.5238,2.99
塑膠棧板,3.942,14.775,16.87,1.3122,0.5293,2.983
塑膠棧板,3.962,14.85,16.9,1.309,0.5348,2.976
塑膠棧板,3.982,14.925,16.931,1.3058,0.5403,2.969
塑膠棧板,4.002,15.0,16.961,1.3026,0.5459,2.962
塑膠棧板,4.022,15.075,16.992,1.2994,0.5515,2.954
塑膠棧板,4.042,15.15,17.022,1.2962,0.5572,2.947
塑膠棧板,4.062,15.225,17.053,1.293,0.5628,2.94
塑膠棧板,4.082,15.3,17.083,1.2898,0.5685,2.933
塑膠棧板,4.102,15.375,17.114,1.2866,0.5742,2.925
塑膠棧板,4.122,15.45,17.145,1.2834,0.58,2.918
塑膠棧板,4.142,15.525,17.175,1.2802,0.5857,2.911
塑膠棧板,4.162,15.6,17.206,1.277,0.5915,2.903
塑膠棧板,4.182,15.675,17.236,1.2738,0.5973,2.896
塑膠棧板,4.202,15.75,17.267,1.2705,0.6031,2.889
塑膠棧板,4.222,15.825,17.298,1.2673,0.6089,2.881
塑膠棧板,4.242,15.9,17.328,1.2641,0.6147,2.874
塑膠棧板,4.262,15.975,17.359,1.2609,0.6206,2.867
塑膠棧板,4.282,16.05,17.389,1.2577,0.6264,2.859
塑膠棧板,4.302,16.125,17.42,1.2545,0.6323,2.852
塑膠棧板,4.322,16.2,17.45,1.2513,0.6382,2.845
塑膠棧板,4.342,16.275,17.481,1.2481,0.6441,2.837
塑膠棧板,4.362,16.35,17.511,1.2449,0.65,2.83
塑膠棧板,4.382,16.425,17.541,1.2417,0.6559,2.823
塑膠棧板,4.402,16.5,17.572,1.2385,0.6618,2.815
塑膠棧板,4.422,16.575,17.602,1.2353,0.6678,2.808
塑膠棧板,4.442,16.65,17.633,1.2322,0.6737,2.801
塑膠棧板,4.462,16.725,17.663,1.229,0.6797,2.793
塑膠棧板,4.482,16.8,17.693,1.2258,0.6857,2.786
塑膠棧板,4.502,16.875,17.723,1.2226,0.6917,2.778
塑膠棧板,4.522,16.95,17.754,1.2195,0.6977,2.771
塑膠棧板,4.542,17.025,17.784,1.2163,0.7038,2.764
塑膠棧板,4.562,17.1,17.814,1.2131,0.7098,2.756
塑膠棧板,4.582,17.175,17.844,1.21,0.7158,2.749
塑膠棧板,4.602,17.25,17.874,1.2068,0.7219,2.742
塑膠棧板,4.622,17.325,17.904,1.2036,0.728,2.734
塑膠棧板,4.642,17.4,17.934,1.2005,0.7341,2.727
塑膠棧板,4.662,17.475,17.964,1.1973,0.7402,2.719
塑膠棧板,4.682,17.55,17.994,1.1942,0.7463,2.712
塑膠棧板,4.702,17.625,18.024,1.1911,0.7524,2.705
塑膠棧板,4.722,17.7,18.054,1.1879,0.7586,2.697
塑膠棧板,4.742,17.775,18.084,1.1848,0.7647,2.69
塑膠棧板,4.762,17.85,18.114,1.1817,0.7709,2.683
塑膠棧板,4.782,17.925,18.144,1.1785,0.7771,2.675
塑膠棧板,4.802,18.0,18.174,1.1754,0.7833,2.668
塑膠棧板,4.822,18.075,18.204,1.1723,0.7895,2.66
塑膠棧板,4.842,18.15,18.234,1.1692,0.7957,2.653
塑膠棧板,4.862,18.225,18.263,1.1661,0.8019,2.645
塑膠棧板,4.882,18.3,18.293,1.163,0.8082,2.638
塑膠棧板,4.902,18.375,18.323,1.1599,0.8144,2.631
塑膠棧板,4.922,18.45,18.353,1.1568,0.8207,2.623
塑膠棧板,4.942,18.525,18.382,1.1537,0.827,2.616
塑膠棧板,4.962,18.6,18.412,1.1506,0.8333,2.608
塑膠棧板,4.982,18.675,18.442,1.1475,0.8396,2.601
塑膠棧板,5.002,18.75,18.471,1.1445,0.8459,2.594
塑膠棧板,5.022,18.825,18.501,1.1414,0.8522,2.586
塑膠棧板,5.042,18.9,18.53,1.1383,0.8586,2.579
塑膠棧板,5.062,18.975,18.56,1.1353,0.8649,2.571
塑膠棧板,5.082,19.05,18.589,1.1322,0.8713,2.564
塑膠棧板,5.102,19.125,18.619,1.1292,0.8776,2.556
塑膠棧板,5.122,19.2,18.648,1.1261,0.884,2.549
塑膠棧板,5.142,19.275,18.678,1.1231,0.8904,2.542
塑膠棧板,5.162,19.35,18.707,1.12,0.8968,2.534
塑膠棧板,5.182,19.425,18.737,1.117,0.9033,2.527
塑膠棧板,5.202,19.5,18.766,1.114,0.9097,2.519
塑膠棧板,5.222,19.575,18.795,1.111,0.9161,2.512
塑膠棧板,5.242,19.65,18.825,1.108,0.9226,2.504
塑膠棧板,5.262,19.725,18.854,1.105,0.9291,2.497
塑膠棧板,5.282,19.8,18.883,1.102,0.9355,2.489
塑膠棧板,5.302,19.875,18.912,1.099,0.942,2.482
塑膠棧板,5.322,19.95,18.942,1.096,0.9485,2.474
塑膠棧板,5.342,20.025,18.971,1.093,0.955,2.467
塑膠棧板,5.362,20.1,19.0,1.09,0.9616,2.459
塑膠棧板,5.382,20.175,19.029,1.087,0.9681,2.452
塑膠棧板,5.402,20.25,19.059,1.0841,0.9746,2.444
塑膠棧板,5.422,20.325,19.088,1.0811,0.9812,2.437
塑膠棧板,5.442,20.4,19.117,1.0782,0.9878,2.429
塑膠棧板,5.462,20.475,19.146,1.0752,0.9943,2.422
塑膠棧板,5.482,20.55,19.175,1.0723,1.0009,2.414
塑膠棧板,5.502,20.625,19.204,1.0694,1.0075,2.407
塑膠棧板,5.522,20.7,19.233,1.0664,1.0141,2.399
塑膠棧板,5.542,20.775,19.262,1.0635,1.0207,2.392
塑膠棧板,5.562,20.85,19.291,1.0606,1.0273,2.384
塑膠棧板,5.582,20.925,19.32,1.0577,1.034,2.377
塑膠棧板,5.602,21.0,19.349,1.0548,1.0406,2.369
塑膠棧板,5.622,21.075,19.378,1.0519,1.0473,2.362
塑膠棧板,5.642,21.15,19.407,1.0491,1.0539,2.354
塑膠棧板,5.662,21.225,19.436,1.0462,1.0606,2.347
塑膠棧板,5.682,21.3,19.465,1.0433,1.0673,2.339
塑膠棧板,5.702,21.375,19.493,1.0405,1.0739,2.331
塑膠棧板,5.722,21.45,19.522,1.0377,1.0806,2.324
塑膠棧板,5.742,21.525,19.551,1.0348,1.0873,2.316
塑膠棧板,5.762,21.6,19.58,1.032,1.0941,2.309
塑膠棧板,5.782,21.675,19.609,1.0292,1.1008,2.301
塑膠棧板,5.802,21.75,19.637,1.0264,1.1075,2.294
塑膠棧板,5.822,21.825,19.666,1.0236,1.1142,2.286
塑膠棧板,5.842,21.9,19.695,1.0208,1.121,2.278
塑膠棧板,5.862,21.975,19.723,1.018,1.1278,2.271
塑膠棧板,5.882,22.05,19.752,1.0153,1.1345,2.263
塑膠棧板,5.902,22.125,19.78,1.0125,1.1413,2.256
塑膠棧板,5.922,22.2,19.809,1.0098,1.1481,2.248
塑膠棧板,5.942,22.275,19.837,1.0071,1.1549,2.24
塑膠棧板,5.962,22.35,19.866,1.0043,1.1617,2.233
塑膠棧板,5.982,22.425,19.894,1.0016,1.1685,2.225
塑膠棧板,6.002,22.5,19.923,0.9989,1.1753,2.218
塑膠棧板,6.022,22.575,19.951,0.9962,1.1821,2.21
塑膠棧板,6.042,22.65,19.98,0.9936,1.189,2.202
塑膠棧板,6.062,22.725,20.008,0.9909,1.1958,2.195
塑膠棧板,6.082,22.8,20.036,0.9883,1.2027,2.187
塑膠棧板,6.102,22.875,20.065,0.9856,1.2095,2.18
塑膠棧板,6.122,22.95,20.093,0.983,1.2164,2.172
塑膠棧板,6.142,23.025,20.121,0.9804,1.2233,2.164
塑膠棧板,6.162,23.1,20.15,0.9778,1.2302,2.157
塑膠棧板,6.182,23.175,20.178,0.9752,1.2371,2.149
塑膠棧板,6.202,23.25,20.206,0.9726,1.244,2.141
塑膠棧板,6.222,23.325,20.234,0.97,1.2509,2.134
塑膠棧板,6.242,23.4,20.262,0.9675,1.2578,2.126
塑膠棧板,6.262,23.475,20.29,0.965,1.2647,2.118
塑膠棧板,6.282,23.55,20.318,0.9624,1.2717,2.111
塑膠棧板,6.302,23.625,20.347,0.9599,1.2786,2.103
塑膠棧板,6.322,23.7,20.375,0.9574,1.2856,2.095
塑膠棧板,6.342,23.775,20.403,0.9549,1.2925,2.088
塑膠棧板,6.362,23.85,20.431,0.9525,1.2995,2.08
塑膠棧板,6.382,23.925,20.459,0.95,1.3065,2.072
塑膠棧板,6.402,24.0,20.486,0.9476,1.3134,2.065
塑膠棧板,6.422,24.075,20.514,0.9452,1.3204,2.057
塑膠棧板,6.442,24.15,20.542,0.9428,1.3274,2.049
塑膠棧板,6.462,24.225,20.57,0.9404,1.3345,2.042
塑膠棧板,6.482,24.3,20.598,0.938,1.3415,2.034
塑膠棧板,6.502,24.375,20.626,0.9356,1.3485,2.026
塑膠棧板,6.522,24.45,20.654,0.9333,1.3555,2.019
塑膠棧板,6.542,24.525,20.681,0.9309,1.3626,2.011
塑膠棧板,6.562,24.6,20.709,0.9286,1.3696,2.003
塑膠棧板,6.582,24.675,20.737,0.9263,1.3767,1.995
塑膠棧板,6.602,24.75,20.764,0.9241,1.3837,1.988
塑膠棧板,6.622,24.825,20.792,0.9218,1.3908,1.98
塑膠棧板,6.642,24.9,20.82,0.9195,1.3979,1.972
塑膠棧板,6.662,24.975,20.847,0.9173,1.405,1.965
塑膠棧板,6.682,25.05,20.875,0.9151,1.4121,1.957
塑膠棧板,6.702,25.125,20.903,0.9129,1.4192,1.949
塑膠棧板,6.722,25.2,20.93,0.9107,1.4263,1.941
塑膠棧板,6.742,25.275,20.958,0.9086,1.4334,1.934
塑膠棧板,6.762,25.35,20.985,0.9064,1.4405,1.926
塑膠棧板,6.782,25.425,21.013,0.9043,1.4477,1.918
塑膠棧板,6.802,25.5,21.04,0.9022,1.4548,1.91
塑膠棧板,6.822,25.575,21.067,0.9001,1.462,1.903
塑膠棧板,6.842,25.65,21.095,0.8981,1.4691,1.895
塑膠棧板,6.862,25.725,21.122,0.896,1.4763,1.887
塑膠棧板,6.882,25.8,21.149,0.894,1.4835,1.879
塑膠棧板,6.902,25.875,21.177,0.892,1.4906,1.872
塑膠棧板,6.922,25.95,21.204,0.89,1.4978,1.864
塑膠棧板,6.942,26.025,21.231,0.888,1.505,1.856
塑膠棧板,6.962,26.1,21.258,0.8861,1.5122,1.848
塑膠棧板,6.982,26.175,21.286,0.8841,1.5194,1.84
塑膠棧板,7.002,26.25,21.313,0.8822,1.5267,1.833
塑膠棧板,7.022,26.325,21.34,0.8803,1.5339,1.825
塑膠棧板,7.042,26.4,21.367,0.8785,1.5411,1.817
塑膠棧板,7.062,26.475,21.394,0.8766,1.5483,1.809
塑膠棧板,7.082,26.55,21.421,0.8748,1.5556,1.802
塑膠棧板,7.102,26.625,21.448,0.873,1.5628,1.794
塑膠棧板,7.122,26.7,21.475,0.8712,1.5701,1.786
塑膠棧板,7.142,26.775,21.502,0.8695,1.5774,1.778
塑膠棧板,7.162,26.85,21.529,0.8678,1.5846,1.77
塑膠棧板,7.182,26.925,21.556,0.866,1.5919,1.762
塑膠棧板,7.202,27.0,21.583,0.8644,1.5992,1.755
塑膠棧板,7.222,27.075,21.61,0.8627,1.6065,1.747
塑膠棧板,7.242,27.15,21.637,0.8611,1.6138,1.739
塑膠棧板,7.262,27.225,21.664,0.8594,1.6211,1.731
塑膠棧板,7.282,27.3,21.691,0.8578,1.6284,1.723
塑膠棧板,7.302,27.375,21.718,0.8563,1.6357,1.715
塑膠棧板,7.322,27.45,21.744,0.8547,1.6431,1.708
塑膠棧板,7.342,27.525,21.771,0.8532,1.6504,1.7
塑膠棧板,7.362,27.6,21.798,0.8517,1.6578,1.692
塑膠棧板,7.382,27.675,21.825,0.8502,1.6651,1.684
塑膠棧板,7.402,27.75,21.851,0.8488,1.6725,1.676
塑膠棧板,7.422,27.825,21.878,0.8474,1.6798,1.668
塑膠棧板,7.442,27.9,21.904,0.846,1.6872,1.661
塑膠棧板,7.462,27.975,21.931,0.8446,1.6946,1.653
塑膠棧板,7.482,28.05,21.958,0.8433,1.702,1.645
塑膠棧板,7.502,28.125,21.984,0.8419,1.7093,1.637
塑膠棧板,7.522,28.2,22.011,0.8406,1.7167,1.629
塑膠棧板,7.542,28.275,22.037,0.8394,1.7241,1.621
塑膠棧板,7.562,28.35,22.064,0.8381,1.7316,1.613
塑膠棧板,7.582,28.425,22.09,0.8369,1.739,1.605
塑膠棧板,7.602,28.5,22.117,0.8357,1.7464,1.598
塑膠棧板,7.622,28.575,22.143,0.8346,1.7538,1.59
塑膠棧板,7.642,28.65,22.169,0.8334,1.7613,1.582
塑膠棧板,7.662,28.725,22.196,0.8323,1.7687,1.574
塑膠棧板,7.682,28.8,22.222,0.8312,1.7762,1.566
塑膠棧板,7.702,28.875,22.249,0.8302,1.7837,1.558
塑膠棧板,7.722,28.95,22.275,0.8291,1.7912,1.55
塑膠棧板,7.742,29.025,22.302,0.8281,1.7987,1.542
塑膠棧板,7.762,29.1,22.328,0.8272,1.8063,1.534
塑膠棧板,7.782,29.175,22.355,0.8262,1.8138,1.526
塑膠棧板,7.802,29.25,22.381,0.8253,1.8214,1.518
塑膠棧板,7.822,29.325,22.408,0.8244,1.8289,1.51
塑膠棧板,7.842,29.4,22.434,0.8236,1.8365,1.502
塑膠棧板,7.862,29.475,22.461,0.8227,1.8441,1.493
塑膠棧板,7.882,29.55,22.487,0.8219,1.8517,1.485
塑膠棧板,7.902,29.625,22.514,0.8212,1.8594,1.477
塑膠棧板,7.922,29.7,22.54,0.8204,1.867,1.469
塑膠棧板,7.942,29.775,22.567,0.8197,1.8746,1.461
塑膠棧板,7.962,29.85,22.593,0.8191,1.8823,1.453
塑膠棧板,7.982,29.925,22.62,0.8184,1.89,1.445
塑膠棧板,8.002,30.0,22.646,0.8178,1.8976,1.437
塑膠棧板,8.022,30.075,22.673,0.8173,1.9053,1.428
塑膠棧板,8.042,30.15,22.699,0.8167,1.913,1.42
塑膠棧板,8.062,30.225,22.725,0.8162,1.9207,1.412
塑膠棧板,8.082,30.3,22.752,0.8157,1.9284,1.404
塑膠棧板,8.102,30.375,22.778,0.8153,1.9362,1.396
塑膠棧板,8.122,30.45,22.805,0.8149,1.9439,1.387
塑膠棧板,8.142,30.525,22.831,0.8145,1.9517,1.379
塑膠棧板,8.162,30.6,22.858,0.8142,1.9594,1.371
塑膠棧板,8.182,30.675,22.884,0.8138,1.9672,1.363
塑膠棧板,8.202,30.75,22.91,0.8136,1.975,1.354
塑膠棧板,8.222,30.825,22.937,0.8133,1.9828,1.346
塑膠棧板,8.242,30.9,22.963,0.8131,1.9906,1.338
塑膠棧板,8.262,30.975,22.989,0.813,1.9984,1.33
塑膠棧板,8.282,31.05,23.016,0.8128,2.0062,1.321
塑膠棧板,8.302,31.125,23.042,0.8127,2.014,1.313
塑膠棧板,8.322,31.2,23.068,0.8127,2.0218,1.305
塑膠棧板,8.342,31.275,23.095,0.8126,2.0297,1.296
塑膠棧板,8.362,31.35,23.121,0.8126,2.0375,1.288
塑膠棧板,8.382,31.425,23.147,0.8127,2.0454,1.28
塑膠棧板,8.402,31.5,23.173,0.8127,2.0533,1.271
塑膠棧板,8.422,31.575,23.2,0.8129,2.0611,1.263
塑膠棧板,8.442,31.65,23.226,0.813,2.069,1.255
塑膠棧板,8.462,31.725,23.252,0.8132,2.0769,1.246
塑膠棧板,8.482,31.8,23.278,0.8134,2.0848,1.238
塑膠棧板,8.502,31.875,23.304,0.8137,2.0927,1.23
塑膠棧板,8.522,31.95,23.331,0.814,2.1007,1.221
塑膠棧板,8.542,32.025,23.357,0.8143,2.1086,1.213
塑膠棧板,8.562,32.1,23.383,0.8146,2.1165,1.204
塑膠棧板,8.582,32.175,23.409,0.815,2.1245,1.196
塑膠棧板,8.602,32.25,23.435,0.8155,2.1324,1.188
塑膠棧板,8.622,32.325,23.461,0.816,2.1404,1.179
塑膠棧板,8.642,32.4,23.487,0.8165,2.1483,1.171
塑膠棧板,8.662,32.475,23.513,0.817,2.1563,1.162
塑膠棧板,8.682,32.55,23.539,0.8176,2.1643,1.154
塑膠棧板,8.702,32.625,23.565,0.8182,2.1723,1.145
塑膠棧板,8.722,32.7,23.591,0.8189,2.1803,1.137
塑膠棧板,8.742,32.775,23.617,0.8196,2.1883,1.128
塑膠棧板,8.762,32.85,23.643,0.8203,2.1963,1.12
塑膠棧板,8.782,32.925,23.669,0.8211,2.2043,1.111
塑膠棧板,8.802,33.0,23.695,0.8219,2.2124,1.103
塑膠棧板,8.822,33.075,23.721,0.8227,2.2204,1.095
塑膠棧板,8.842,33.15,23.747,0.8236,2.2284,1.086
塑膠棧板,8.862,33.225,23.773,0.8245,2.2365,1.078
塑膠棧板,8.882,33.3,23.799,0.8255,2.2446,1.069
塑膠棧板,8.902,33.375,23.824,0.8265,2.2526,1.061
塑膠棧板,8.922,33.45,23.85,0.8275,2.2607,1.052
塑膠棧板,8.942,33.525,23.876,0.8285,2.2688,1.043
塑膠棧板,8.962,33.6,23.902,0.8296,2.2769,1.035
塑膠棧板,8.982,33.675,23.927,0.8308,2.285,1.026
塑膠棧板,9.002,33.75,23.953,0.8319,2.2931,1.018
塑膠棧板,9.022,33.825,23.979,0.8331,2.3012,1.009
塑膠棧板,9.042,33.9,24.005,0.8344,2.3093,1.001
塑膠棧板,9.062,33.975,24.03,0.8357,2.3174,0.992
塑膠棧板,9.082,34.05,24.056,0.837,2.3255,0.984
塑膠棧板,9.102,34.125,24.082,0.8383,2.3337,0.975
塑膠棧板,9.122,34.2,24.107,0.8397,2.3418,0.966
塑膠棧板,9.142,34.275,24.133,0.8412,2.35,0.958
塑膠棧板,9.162,34.35,24.158,0.8426,2.3581,0.949
塑膠棧板,9.182,34.425,24.184,0.8441,2.3663,0.941
塑膠棧板,9.202,34.5,24.209,0.8456,2.3745,0.932
塑膠棧板,9.222,34.575,24.235,0.8472,2.3826,0.923
塑膠棧板,9.242,34.65,24.26,0.8488,2.3908,0.915
塑膠棧板,9.262,34.725,24.286,0.8505,2.399,0.906
塑膠棧板,9.282,34.8,24.311,0.8521,2.4072,0.898
塑膠棧板,9.302,34.875,24.337,0.8538,2.4154,0.889
塑膠棧板,9.322,34.95,24.362,0.8556,2.4236,0.88
塑膠棧板,9.342,35.025,24.388,0.8574,2.4319,0.872
塑膠棧板,9.362,35.1,24.413,0.8592,2.4401,0.863
塑膠棧板,9.382,35.175,24.438,0.861,2.4483,0.854
塑膠棧板,9.402,35.25,24.464,0.8629,2.4566,0.846
塑膠棧板,9.422,35.325,24.489,0.8648,2.4648,0.837
塑膠棧板,9.442,35.4,24.514,0.8668,2.4731,0.828
塑膠棧板,9.462,35.475,24.54,0.8688,2.4813,0.82
塑膠棧板,9.482,35.55,24.565,0.8708,2.4896,0.811
塑膠棧板,9.502,35.625,24.59,0.8728,2.4978,0.802
塑膠棧板,9.522,35.7,24.615,0.8749,2.5061,0.794
塑膠棧板,9.542,35.775,24.641,0.877,2.5144,0.785
塑膠棧板,9.562,35.85,24.666,0.8792,2.5227,0.776
塑膠棧板,9.582,35.925,24.691,0.8814,2.531,0.768
塑膠棧板,9.602,36.0,24.716,0.8836,2.5393,0.759
塑膠棧板,9.622,36.075,24.741,0.8859,2.5476,0.75
塑膠棧板,9.642,36.15,24.766,0.8881,2.5559,0.741
塑膠棧板,9.662,36.225,24.791,0.8905,2.5642,0.733
塑膠棧板,9.682,36.3,24.816,0.8928,2.5726,0.724
塑膠棧板,9.702,36.375,24.841,0.8952,2.5809,0.715
塑膠棧板,9.722,36.45,24.867,0.8976,2.5892,0.706
塑膠棧板,9.742,36.525,24.892,0.9001,2.5976,0.698
塑膠棧板,9.762,36.6,24.917,0.9025,2.6059,0.689
塑膠棧板,9.782,36.675,24.941,0.9051,2.6143,0.68
塑膠棧板,9.802,36.75,24.966,0.9076,2.6227,0.671
塑膠棧板,9.822,36.825,24.991,0.9102,2.631,0.663
塑膠棧板,9.842,36.9,25.016,0.9128,2.6394,0.654
塑膠棧板,9.862,36.975,25.041,0.9154,2.6478,0.645
塑膠棧板,9.882,37.05,25.066,0.9181,2.6562,0.636
塑膠棧板,9.902,37.125,25.091,0.9208,2.6646,0.627
塑膠棧板,9.922,37.2,25.116,0.9235,2.673,0.619
塑膠棧板,9.942,37.275,25.14,0.9262,2.6814,0.61
塑膠棧板,9.962,37.35,25.165,0.929,2.6898,0.601
塑膠棧板,9.982,37.425,25.19,0.9318,2.6982,0.592
塑膠棧板,10.002,37.5,25.215,0.9347,2.7066,0.583
塑膠棧板,10.022,37.575,25.239,0.9376,2.7151,0.574
塑膠棧板,10.042,37.65,25.264,0.9405,2.7235,0.566
塑膠棧板,10.062,37.725,25.289,0.9434,2.7319,0.557
塑膠棧板,10.082,37.8,25.313,0.9464,2.7404,0.548
塑膠棧板,10.102,37.875,25.338,0.9493,2.7488,0.539
塑膠棧板,10.122,37.95,25.363,0.9524,2.7573,0.53
塑膠棧板,10.142,38.025,25.387,0.9554,2.7658,0.521
塑膠棧板,10.162,38.1,25.412,0.9585,2.7742,0.512
塑膠棧板,10.182,38.175,25.436,0.9616,2.7827,0.503
塑膠棧板,10.202,38.25,25.461,0.9647,2.7912,0.495
塑膠棧板,10.222,38.325,25.486,0.9679,2.7997,0.486
塑膠棧板,10.242,38.4,25.51,0.971,2.8082,0.477
塑膠棧板,10.262,38.475,25.534,0.9743,2.8167,0.468
塑膠棧板,10.282,38.55,25.559,0.9775,2.8252,0.459
塑膠棧板,10.302,38.625,25.583,0.9808,2.8337,0.45
塑膠棧板,10.322,38.7,25.608,0.984,2.8422,0.441
塑膠棧板,10.342,38.775,25.632,0.9874,2.8507,0.432
塑膠棧板,10.362,38.85,25.657,0.9907,2.8592,0.423
塑膠棧板,10.382,38.925,25.681,0.9941,2.8678,0.414
塑膠棧板,10.402,39.0,25.705,0.9975,2.8763,0.405
塑膠棧板,10.422,39.075,25.73,1.001,2.8848,0.396
塑膠棧板,10.442,39.15,25.754,1.0045,2.8933,0.388
塑膠棧板,10.462,39.225,25.778,1.0079,2.9019,0.379
塑膠棧板,10.482,39.3,25.803,1.0115,2.9104,0.37
塑膠棧板,10.502,39.375,25.827,1.015,2.919,0.361
塑膠棧板,10.522,39.45,25.851,1.0186,2.9276,0.352
塑膠棧板,10.542,39.525,25.875,1.0221,2.9361,0.343
塑膠棧板,10.562,39.6,25.9,1.0257,2.9447,0.334
塑膠棧板,10.582,39.675,25.924,1.0294,2.9533,0.325
塑膠棧板,10.602,39.75,25.948,1.033,2.9618,0.316
塑膠棧板,10.622,39.825,25.972,1.0367,2.9704,0.307
塑膠棧板,10.642,39.9,25.996,1.0404,2.979,0.298
塑膠棧板,10.662,39.975,26.02,1.0441,2.9876,0.289
塑膠棧板,10.682,40.05,26.044,1.0479,2.9962,0.28
塑膠棧板,10.702,40.125,26.068,1.0516,3.0048,0.271
塑膠棧板,10.722,40.2,26.092,1.0554,3.0134,0.262
塑膠棧板,10.742,40.275,26.116,1.0592,3.022,0.253
塑膠棧板,10.762,40.35,26.14,1.063,3.0307,0.243
塑膠棧板,10.782,40.425,26.164,1.0669,3.0393,0.234
塑膠棧板,10.802,40.5,26.188,1.0708,3.0479,0.225
塑膠棧板,10.822,40.575,26.212,1.0747,3.0566,0.216
塑膠棧板,10.842,40.65,26.236,1.0786,3.0652,0.207
塑膠棧板,10.862,40.725,26.26,1.0825,3.0739,0.198
塑膠棧板,10.882,40.8,26.284,1.0864,3.0825,0.189
塑膠棧板,10.902,40.875,26.308,1.0904,3.0912,0.18
塑膠棧板,10.922,40.95,26.331,1.0944,3.0998,0.171
塑膠棧板,10.942,41.025,26.355,1.0984,3.1085,0.162
塑膠棧板,10.962,41.1,26.379,1.1024,3.1172,0.153
塑膠棧板,10.982,41.175,26.403,1.1065,3.1259,0.144
塑膠棧板,11.002,41.25,26.426,1.1106,3.1345,0.135
塑膠棧板,11.022,41.325,26.45,1.1147,3.1432,0.125
塑膠棧板,11.042,41.4,26.474,1.1188,3.1519,0.116
塑膠棧板,11.062,41.475,26.497,1.1229,3.1606,0.107
塑膠棧板,11.082,41.55,26.521,1.127,3.1693,0.098
塑膠棧板,11.102,41.625,26.545,1.1312,3.178,0.089
塑膠棧板,11.122,41.7,26.568,1.1354,3.1868,0.08
塑膠棧板,11.142,41.775,26.592,1.1396,3.1955,0.071
塑膠棧板,11.162,41.85,26.615,1.1438,3.2042,0.062
塑膠棧板,11.182,41.925,26.639,1.148,3.2129,0.052
塑膠棧板,11.202,42.0,26.662,1.1523,3.2217,0.043
塑膠棧板,11.222,42.075,26.686,1.1565,3.2304,0.034
塑膠棧板,11.242,42.15,26.709,1.1608,3.2392,0.025
塑膠棧板,11.262,42.225,26.733,1.1651,3.2479,0.016
塑膠棧板,11.282,42.3,26.756,1.1695,3.2567,0.006
塑膠棧板,11.302,42.375,26.779,1.1734,3.2655,0.002
塑膠棧板,11.322,42.45,26.796,1.1744,3.2748,0.002
塑膠棧板,11.342,42.525,26.812,1.1742,3.2839,0.001
塑膠棧板,11.362,42.6,26.826,1.1735,3.293,0.001
塑膠棧板,11.382,42.675,26.845,1.167,3.3054,0.005
塑膠棧板,11.402,42.75,26.859,1.1623,3.3128,0.007
塑膠棧板,11.422,42.825,26.87,1.1615,3.3239,0.005
塑膠棧板,11.442,42.9,26.884,1.1607,3.336,0.003
塑膠棧板,11.462,42.975,26.899,1.1542,3.3534,0.002
塑膠棧板,11.482,43.05,26.92,1.1173,3.391,0.003
塑膠棧板,11.502,43.125,26.932,1.1118,3.4053,0.005
塑膠棧板,11.522,43.2,26.944,1.1118,3.4162,0.003
塑膠棧板,11.542,43.275,26.958,1.1117,3.4271,0.002
塑膠棧板,11.562,43.35,26.973,1.1111,3.4383,0.001
塑膠棧板,11.582,43.425,26.991,1.0948,3.4637,0.001
塑膠棧板,11.602,43.5,27.01,1.0788,3.4857,0.004
塑膠棧板,11.622,43.575,27.024,1.0774,3.498,0.003
塑膠棧板,11.642,43.65,27.04,1.077,3.5095,0.002
塑膠棧板,11.662,43.725,27.056,1.073,3.5245,0.001
塑膠棧板,11.682,43.8,27.077,1.0469,3.5562,0.005
塑膠棧板,11.702,43.875,27.093,1.0431,3.5704,0.004
塑膠棧板,11.722,43.95,27.108,1.0428,3.5824,0.002
塑膠棧板,11.742,44.025,27.125,1.0422,3.5945,0.001
塑膠棧板,11.762,44.1,27.147,1.0204,3.6223,0.005
塑膠棧板,11.782,44.175,27.163,1.0145,3.6362,0.0
塑膠棧板,11.802,44.25,27.178,1.014,3.6492,0.0
塑膠棧板,11.822,44.325,27.195,1.0135,3.6625,0.0
塑膠棧板,11.842,44.4,27.213,0.9977,3.6909,0.0
塑膠棧板,11.862,44.475,27.236,0.9799,3.7126,0.002
塑膠棧板,11.882,44.55,27.251,0.9783,3.7263,0.0
塑膠棧板,11.902,44.625,27.268,0.9779,3.7399,0.0
塑膠棧板,11.922,44.7,27.286,0.9716,3.7591,0.0
塑膠棧板,11.942,44.775,27.309,0.9361,3.8022,0.004
塑膠棧板,11.962,44.85,27.326,0.9302,3.8193,0.004
塑膠棧板,11.982,44.925,27.343,0.9299,3.8318,0.002
塑膠棧板+重心前移10cm,0.002,0.0,10.581,0.0002,0.0008,0.002
塑膠棧板+重心前移10cm,0.022,0.075,10.71,0.0023,0.0079,0.002
塑膠棧板+重心前移10cm,0.042,0.15,10.862,0.0043,0.0171,0.001
塑膠棧板+重心前移10cm,0.062,0.225,11.025,0.0064,0.03,0.001
塑膠棧板+重心前移10cm,0.082,0.3,11.132,0.0078,0.04,0.001
塑膠棧板+重心前移10cm,0.102,0.375,11.129,0.0069,0.0396,0.001
塑膠棧板+重心前移10cm,0.122,0.45,11.108,0.0065,0.038,0.001
塑膠棧板+重心前移10cm,0.142,0.525,11.093,0.0067,0.0368,0.001
塑膠棧板+重心前移10cm,0.162,0.6,11.086,0.0071,0.0357,0.001
塑膠棧板+重心前移10cm,0.182,0.675,11.084,0.0077,0.0347,0.001
塑膠棧板+重心前移10cm,0.202,0.75,11.083,0.0084,0.0338,0.001
塑膠棧板+重心前移10cm,0.222,0.825,11.083,0.0091,0.0329,0.001
塑膠棧板+重心前移10cm,0.242,0.9,11.084,0.0098,0.0321,0.001
塑膠棧板+重心前移10cm,0.262,0.975,11.084,0.0105,0.0313,0.001
塑膠棧板+重心前移10cm,0.282,1.05,11.085,0.0112,0.0305,0.001
塑膠棧板+重心前移10cm,0.302,1.125,11.085,0.012,0.0297,0.001
塑膠棧板+重心前移10cm,0.322,1.2,11.086,0.0127,0.0289,0.001
塑膠棧板+重心前移10cm,0.342,1.275,11.087,0.0134,0.0281,0.001
塑膠棧板+重心前移10cm,0.362,1.35,11.088,0.0141,0.0273,0.001
塑膠棧板+重心前移10cm,0.382,1.425,11.088,0.0149,0.0265,0.001
塑膠棧板+重心前移10cm,0.402,1.5,11.089,0.0156,0.0257,0.001
塑膠棧板+重心前移10cm,0.422,1.575,11.09,0.0163,0.025,0.001
塑膠棧板+重心前移10cm,0.442,1.65,11.091,0.017,0.0242,0.001
塑膠棧板+重心前移10cm,0.462,1.725,11.092,0.0177,0.0234,0.001
塑膠棧板+重心前移10cm,0.482,1.8,11.092,0.0184,0.0226,0.001
塑膠棧板+重心前移10cm,0.502,1.875,11.093,0.019,0.0219,0.001
塑膠棧板+重心前移10cm,0.522,1.95,11.094,0.0197,0.0211,0.0
塑膠棧板+重心前移10cm,0.542,2.025,11.095,0.0204,0.0204,0.0
塑膠棧板+重心前移10cm,0.562,2.1,11.096,0.0211,0.0196,0.0
塑膠棧板+重心前移10cm,0.582,2.175,11.097,0.0217,0.0189,0.0
塑膠棧板+重心前移10cm,0.602,2.25,11.098,0.0224,0.0181,0.0
塑膠棧板+重心前移10cm,0.622,2.325,11.099,0.023,0.0174,0.0
塑膠棧板+重心前移10cm,0.642,2.4,11.1,0.0237,0.0166,0.0
塑膠棧板+重心前移10cm,0.662,2.475,11.101,0.0243,0.0159,0.0
塑膠棧板+重心前移10cm,0.682,2.55,11.102,0.025,0.0152,0.0
塑膠棧板+重心前移10cm,0.702,2.625,11.104,0.0256,0.0144,0.0
塑膠棧板+重心前移10cm,0.722,2.7,11.105,0.0263,0.0137,0.0
塑膠棧板+重心前移10cm,0.742,2.775,11.106,0.0269,0.013,0.0
塑膠棧板+重心前移10cm,0.762,2.85,11.107,0.0275,0.0123,0.0
塑膠棧板+重心前移10cm,0.782,2.925,11.108,0.0281,0.0115,0.0
塑膠棧板+重心前移10cm,0.802,3.0,11.11,0.0287,0.0108,0.0
塑膠棧板+重心前移10cm,0.822,3.075,11.111,0.0293,0.0101,0.0
塑膠棧板+重心前移10cm,0.842,3.15,11.112,0.0299,0.0094,0.0
塑膠棧板+重心前移10cm,0.862,3.225,11.114,0.0305,0.0087,0.0
塑膠棧板+重心前移10cm,0.882,3.3,11.115,0.0311,0.008,0.0
塑膠棧板+重心前移10cm,0.902,3.375,11.116,0.0317,0.0073,0.0
塑膠棧板+重心前移10cm,0.922,3.45,11.118,0.0323,0.0066,0.0
塑膠棧板+重心前移10cm,0.942,3.525,11.119,0.0328,0.0059,0.0
塑膠棧板+重心前移10cm,0.962,3.6,11.12,0.0334,0.0052,0.0
塑膠棧板+重心前移10cm,0.982,3.675,11.122,0.034,0.0046,0.0
塑膠棧板+重心前移10cm,1.002,3.75,11.123,0.0345,0.0039,0.0
塑膠棧板+重心前移10cm,1.022,3.825,11.127,0.0351,0.0031,0.0
塑膠棧板+重心前移10cm,1.042,3.9,11.133,0.0356,0.002,0.0
塑膠棧板+重心前移10cm,1.062,3.975,11.144,0.0361,0.0006,0.0
塑膠棧板+重心前移10cm,1.082,4.05,11.161,0.0367,0.0013,0.0
塑膠棧板+重心前移10cm,1.102,4.125,11.182,0.0371,0.0036,0.0
塑膠棧板+重心前移10cm,1.122,4.2,11.209,0.0376,0.0063,0.0
塑膠棧板+重心前移10cm,1.142,4.275,11.24,0.0381,0.0094,0.0
塑膠棧板+重心前移10cm,1.162,4.35,11.275,0.0385,0.0129,0.0
塑膠棧板+重心前移10cm,1.182,4.425,11.314,0.0389,0.0167,0.0
塑膠棧板+重心前移10cm,1.202,4.5,11.355,0.0393,0.0208,0.0
塑膠棧板+重心前移10cm,1.222,4.575,11.398,0.0397,0.0251,0.0
塑膠棧板+重心前移10cm,1.242,4.65,11.443,0.04,0.0295,0.0
塑膠棧板+重心前移10cm,1.262,4.725,11.488,0.0403,0.034,0.0
塑膠棧板+重心前移10cm,1.282,4.8,11.534,0.0406,0.0386,0.0
塑膠棧板+重心前移10cm,1.302,4.875,11.58,0.0409,0.0432,0.0
塑膠棧板+重心前移10cm,1.322,4.95,11.625,0.0412,0.0479,0.0
塑膠棧板+重心前移10cm,1.342,5.025,11.67,0.0414,0.0525,0.0
塑膠棧板+重心前移10cm,1.362,5.1,11.715,0.0417,0.0572,0.0
塑膠棧板+重心前移10cm,1.382,5.175,11.759,0.0419,0.0618,0.0
塑膠棧板+重心前移10cm,1.402,5.25,11.802,0.0421,0.0664,0.0
塑膠棧板+重心前移10cm,1.422,5.325,11.845,0.0423,0.0709,0.0
塑膠棧板+重心前移10cm,1.442,5.4,11.888,0.0425,0.0755,0.0
塑膠棧板+重心前移10cm,1.462,5.475,11.93,0.0427,0.08,0.0
塑膠棧板+重心前移10cm,1.482,5.55,11.971,0.0428,0.0846,0.0
塑膠棧板+重心前移10cm,1.502,5.625,12.013,0.043,0.0891,0.0
塑膠棧板+重心前移10cm,1.522,5.7,12.054,0.0431,0.0936,0.0
塑膠棧板+重心前移10cm,1.542,5.775,12.095,0.0432,0.0982,0.0
塑膠棧板+重心前移10cm,1.562,5.85,12.136,0.0433,0.1027,0.0
塑膠棧板+重心前移10cm,1.582,5.925,12.177,0.0434,0.1073,0.0
塑膠棧板+重心前移10cm,1.602,6.0,12.217,0.0435,0.1119,0.0
塑膠棧板+重心前移10cm,1.622,6.075,12.258,0.0435,0.1166,0.0
塑膠棧板+重心前移10cm,1.642,6.15,12.299,0.0436,0.1212,0.0
塑膠棧板+重心前移10cm,1.662,6.225,12.34,0.0436,0.1259,0.0
塑膠棧板+重心前移10cm,1.682,6.3,12.381,0.0436,0.1307,0.0
塑膠棧板+重心前移10cm,1.702,6.375,12.422,0.0436,0.1354,0.0
塑膠棧板+重心前移10cm,1.722,6.45,12.463,0.0436,0.1402,0.0
塑膠棧板+重心前移10cm,1.742,6.525,12.504,0.0435,0.145,0.0
塑膠棧板+重心前移10cm,1.762,6.6,12.545,0.0435,0.1499,0.0
塑膠棧板+重心前移10cm,1.782,6.675,12.586,0.0434,0.1547,0.0
塑膠棧板+重心前移10cm,1.802,6.75,12.627,0.0433,0.1596,0.0
塑膠棧板+重心前移10cm,1.822,6.825,12.668,0.0432,0.1646,0.0
塑膠棧板+重心前移10cm,1.842,6.9,12.709,0.0431,0.1695,0.0
塑膠棧板+重心前移10cm,1.862,6.975,12.75,0.0429,0.1745,0.0
塑膠棧板+重心前移10cm,1.882,7.05,12.791,0.0428,0.1795,0.0
塑膠棧板+重心前移10cm,1.902,7.125,12.832,0.0426,0.1845,0.0
塑膠棧板+重心前移10cm,1.922,7.2,12.873,0.0424,0.1895,0.0
塑膠棧板+重心前移10cm,1.942,7.275,12.914,0.0422,0.1946,0.0
塑膠棧板+重心前移10cm,1.962,7.35,12.954,0.042,0.1997,0.0
塑膠棧板+重心前移10cm,1.982,7.425,12.995,0.0418,0.2048,0.0
塑膠棧板+重心前移10cm,2.002,7.5,13.036,0.0416,0.21,0.0
塑膠棧板+重心前移10cm,2.022,7.575,13.077,0.0413,0.2151,0.0
塑膠棧板+重心前移10cm,2.042,7.65,13.118,0.041,0.2203,0.0
塑膠棧板+重心前移10cm,2.062,7.725,13.159,0.0407,0.2255,0.0
塑膠棧板+重心前移10cm,2.082,7.8,13.199,0.0404,0.2308,0.0
塑膠棧板+重心前移10cm,2.102,7.875,13.24,0.0401,0.236,0.0
塑膠棧板+重心前移10cm,2.122,7.95,13.281,0.0397,0.2413,0.0
塑膠棧板+重心前移10cm,2.142,8.025,13.321,0.0394,0.2466,0.0
塑膠棧板+重心前移10cm,2.162,8.1,13.362,0.039,0.2519,0.0
塑膠棧板+重心前移10cm,2.182,8.175,13.403,0.0386,0.2573,0.0
塑膠棧板+重心前移10cm,2.202,8.25,13.443,0.0382,0.2626,0.0
塑膠棧板+重心前移10cm,2.222,8.325,13.484,0.0378,0.268,0.0
塑膠棧板+重心前移10cm,2.242,8.4,13.525,0.0374,0.2735,0.0
塑膠棧板+重心前移10cm,2.262,8.475,13.565,0.0369,0.2789,0.0
塑膠棧板+重心前移10cm,2.282,8.55,13.606,0.0365,0.2844,0.0
塑膠棧板+重心前移10cm,2.302,8.625,13.646,0.036,0.2898,0.0
塑膠棧板+重心前移10cm,2.322,8.7,13.687,0.0355,0.2954,0.0
塑膠棧板+重心前移10cm,2.342,8.775,13.727,0.0349,0.3009,0.0
塑膠棧板+重心前移10cm,2.362,8.85,13.768,0.0344,0.3064,0.0
塑膠棧板+重心前移10cm,2.382,8.925,13.808,0.0338,0.312,0.0
塑膠棧板+重心前移10cm,2.402,9.0,13.849,0.0333,0.3176,0.0
塑膠棧板+重心前移10cm,2.422,9.075,13.889,0.0326,0.3232,0.0
塑膠棧板+重心前移10cm,2.442,9.15,13.93,0.032,0.3288,0.0
塑膠棧板+重心前移10cm,2.462,9.225,13.971,0.0314,0.3345,0.0
塑膠棧板+重心前移10cm,2.482,9.3,14.011,0.0307,0.3401,0.0
塑膠棧板+重心前移10cm,2.502,9.375,14.052,0.03,0.3458,0.0
塑膠棧板+重心前移10cm,2.522,9.45,14.092,0.0293,0.3515,0.0
塑膠棧板+重心前移10cm,2.542,9.525,14.133,0.0285,0.3572,0.0
塑膠棧板+重心前移10cm,2.562,9.6,14.173,0.0278,0.363,0.0
塑膠棧板+重心前移10cm,2.582,9.675,14.214,0.027,0.3687,0.0
塑膠棧板+重心前移10cm,2.602,9.75,14.254,0.0262,0.3745,0.0
塑膠棧板+重心前移10cm,2.622,9.825,14.295,0.0253,0.3803,0.0
塑膠棧板+重心前移10cm,2.642,9.9,14.335,0.0244,0.3861,0.0
塑膠棧板+重心前移10cm,2.662,9.975,14.376,0.0235,0.3919,0.0
塑膠棧板+重心前移10cm,2.682,10.05,14.417,0.0226,0.3977,0.0
塑膠棧板+重心前移10cm,2.702,10.125,14.457,0.0216,0.4036,0.0
塑膠棧板+重心前移10cm,2.722,10.2,14.498,0.0207,0.4094,0.0
塑膠棧板+重心前移10cm,2.742,10.275,14.538,0.0196,0.4153,0.0
塑膠棧板+重心前移10cm,2.762,10.35,14.579,0.0186,0.4212,0.0
塑膠棧板+重心前移10cm,2.782,10.425,14.62,0.0175,0.4271,0.0
塑膠棧板+重心前移10cm,2.802,10.5,14.66,0.0164,0.433,0.001
塑膠棧板+重心前移10cm,2.822,10.575,14.701,0.015,0.4391,0.003
塑膠棧板+重心前移10cm,2.842,10.65,14.742,0.0138,0.445,0.002
塑膠棧板+重心前移10cm,2.862,10.725,14.783,0.0127,0.4508,0.001
塑膠棧板+重心前移10cm,2.882,10.8,14.824,0.0115,0.4567,0.0
塑膠棧板+重心前移10cm,2.902,10.875,14.865,0.0103,0.4626,0.0
塑膠棧板+重心前移10cm,2.922,10.95,14.905,0.0086,0.4687,0.002
塑膠棧板+重心前移10cm,2.942,11.025,14.946,0.0073,0.4746,0.002
塑膠棧板+重心前移10cm,2.962,11.1,14.988,0.006,0.4805,0.001
塑膠棧板+重心前移10cm,2.982,11.175,15.029,0.0049,0.4865,0.0
塑膠棧板+重心前移10cm,3.002,11.25,15.07,0.0031,0.4925,0.002
塑膠棧板+重心前移10cm,3.022,11.325,15.111,0.0023,0.4985,0.001
塑膠棧板+重心前移10cm,3.042,11.4,15.152,0.0026,0.5044,0.0
塑膠棧板+重心前移10cm,3.062,11.475,15.193,0.0033,0.5104,0.001
塑膠棧板+重心前移10cm,3.082,11.55,15.235,0.0047,0.5164,0.001
塑膠棧板+重心前移10cm,3.102,11.625,15.276,0.0064,0.5224,0.0
塑膠棧板+重心前移10cm,3.122,11.7,15.317,0.008,0.5284,0.001
塑膠棧板+重心前移10cm,3.142,11.775,15.358,0.0098,0.5344,0.0
塑膠棧板+重心前移10cm,3.162,11.85,15.4,0.0117,0.5404,0.0
塑膠棧板+重心前移10cm,3.182,11.925,15.441,0.0136,0.5464,0.0
塑膠棧板+重心前移10cm,3.202,12.0,15.482,0.0155,0.5524,0.0
塑膠棧板+重心前移10cm,3.222,12.075,15.523,0.0175,0.5584,0.0
塑膠棧板+重心前移10cm,3.242,12.15,15.564,0.0195,0.5644,0.0
塑膠棧板+重心前移10cm,3.262,12.225,15.606,0.0215,0.5704,0.0
塑膠棧板+重心前移10cm,3.282,12.3,15.647,0.0236,0.5764,0.0
塑膠棧板+重心前移10cm,3.302,12.375,15.688,0.0257,0.5824,0.0
塑膠棧板+重心前移10cm,3.322,12.45,15.729,0.0279,0.5884,0.0
塑膠棧板+重心前移10cm,3.342,12.525,15.77,0.0302,0.5944,0.0
塑膠棧板+重心前移10cm,3.362,12.6,15.812,0.0324,0.6005,0.0
塑膠棧板+重心前移10cm,3.382,12.675,15.853,0.0348,0.6064,0.002
塑膠棧板+重心前移10cm,3.402,12.75,15.896,0.0374,0.612,0.007
塑膠棧板+重心前移10cm,3.422,12.825,15.94,0.0431,0.6129,0.058
塑膠棧板+重心前移10cm,3.442,12.9,15.987,0.0424,0.6174,0.078
塑膠棧板+重心前移10cm,3.462,12.975,16.037,0.0562,0.6213,0.107
塑膠棧板+重心前移10cm,3.482,13.05,16.092,0.0789,0.6241,0.15
塑膠棧板+重心前移10cm,3.502,13.125,16.152,0.1065,0.6259,0.206
塑膠棧板+重心前移10cm,3.522,13.2,16.217,0.1114,0.623,0.311
塑膠棧板+重心前移10cm,3.542,13.275,16.285,0.1564,0.6235,0.386
塑膠棧板+重心前移10cm,3.562,13.35,16.358,0.2064,0.624,0.466
塑膠棧板+重心前移10cm,3.582,13.425,16.435,0.2552,0.6241,0.555
塑膠棧板+重心前移10cm,3.602,13.5,16.517,0.2737,0.6199,0.688
塑膠棧板+重心前移10cm,3.622,13.575,16.6,0.331,0.6194,0.787
塑膠棧板+重心前移10cm,3.642,13.65,16.686,0.3909,0.6194,0.886
塑膠棧板+重心前移10cm,3.662,13.725,16.774,0.4466,0.6193,0.988
塑膠棧板+重心前移10cm,3.682,13.8,16.865,0.4695,0.615,1.131
塑膠棧板+重心前移10cm,3.702,13.875,16.955,0.5321,0.6151,1.233
塑膠棧板+重心前移10cm,3.722,13.95,17.047,0.5926,0.6155,1.334
塑膠棧板+重心前移10cm,3.742,14.025,17.141,0.6273,0.6135,1.46
塑膠棧板+重心前移10cm,3.762,14.1,17.233,0.6725,0.6119,1.58
塑膠棧板+重心前移10cm,3.782,14.175,17.325,0.7352,0.6126,1.679
塑膠棧板+重心前移10cm,3.802,14.25,17.417,0.7931,0.6133,1.778
塑膠棧板+重心前移10cm,3.822,14.325,17.51,0.817,0.6104,1.912
塑膠棧板+重心前移10cm,3.842,14.4,17.601,0.8722,0.6103,2.017
塑膠棧板+重心前移10cm,3.862,14.475,17.691,0.9328,0.6113,2.112
塑膠棧板+重心前移10cm,3.882,14.55,17.782,0.9878,0.6121,2.208
塑膠棧板+重心前移10cm,3.902,14.625,17.873,1.0079,0.6089,2.343
塑膠棧板+重心前移10cm,3.922,14.7,17.961,1.0657,0.6094,2.441
塑膠棧板+重心前移10cm,3.942,14.775,18.049,1.1242,0.6104,2.534
塑膠棧板+重心前移10cm,3.962,14.85,18.135,1.1762,0.6113,2.626
塑膠棧板+重心前移10cm,3.982,14.925,18.189,1.1517,0.614,2.669
塑膠棧板+重心前移10cm,4.002,15.0,18.227,1.1465,0.6234,2.627
塑膠棧板+重心前移10cm,4.022,15.075,18.269,1.1494,0.6322,2.6
塑膠棧板+重心前移10cm,4.042,15.15,18.308,1.1486,0.6405,2.576
塑膠棧板+重心前移10cm,4.062,15.225,18.344,1.1474,0.6477,2.561
塑膠棧板+重心前移10cm,4.082,15.3,18.378,1.1457,0.6542,2.549
塑膠棧板+重心前移10cm,4.102,15.375,18.409,1.1431,0.6602,2.539
塑膠棧板+重心前移10cm,4.122,15.45,18.438,1.141,0.6657,2.531
塑膠棧板+重心前移10cm,4.142,15.525,18.465,1.1387,0.671,2.524
塑膠棧板+重心前移10cm,4.162,15.6,18.491,1.1365,0.676,2.517
塑膠棧板+重心前移10cm,4.182,15.675,18.516,1.1335,0.6811,2.509
塑膠棧板+重心前移10cm,4.202,15.75,18.541,1.1317,0.6859,2.504
塑膠棧板+重心前移10cm,4.222,15.825,18.566,1.1299,0.6906,2.498
塑膠棧板+重心前移10cm,4.242,15.9,18.591,1.1266,0.6956,2.489
塑膠棧板+重心前移10cm,4.262,15.975,18.616,1.1252,0.7004,2.485
塑膠棧板+重心前移10cm,4.282,16.05,18.641,1.1227,0.7054,2.478
塑膠棧板+重心前移10cm,4.302,16.125,18.667,1.1205,0.7104,2.471
塑膠棧板+重心前移10cm,4.322,16.2,18.693,1.1181,0.7156,2.464
塑膠棧板+重心前移10cm,4.342,16.275,18.719,1.116,0.7207,2.458
塑膠棧板+重心前移10cm,4.362,16.35,18.745,1.1124,0.7261,2.448
塑膠棧板+重心前移10cm,4.382,16.425,18.773,1.1117,0.7311,2.444
塑膠棧板+重心前移10cm,4.402,16.5,18.799,1.108,0.7366,2.434
塑膠棧板+重心前移10cm,4.422,16.575,18.828,1.1071,0.7418,2.43
塑膠棧板+重心前移10cm,4.442,16.65,18.86,1.0833,0.7428,2.466
塑膠棧板+重心前移10cm,4.462,16.725,18.887,1.0863,0.7491,2.446
塑膠棧板+重心前移10cm,4.482,16.8,18.913,1.0896,0.756,2.423
塑膠棧板+重心前移10cm,4.502,16.875,18.942,1.0926,0.7622,2.409
塑膠棧板+重心前移10cm,4.522,16.95,18.97,1.0929,0.7681,2.398
塑膠棧板+重心前移10cm,4.542,17.025,18.997,1.0903,0.7741,2.385
塑膠棧板+重心前移10cm,4.562,17.1,19.023,1.0878,0.7798,2.375
塑膠棧板+重心前移10cm,4.582,17.175,19.049,1.0854,0.7853,2.366
塑膠棧板+重心前移10cm,4.602,17.25,19.076,1.0832,0.7908,2.359
塑膠棧板+重心前移10cm,4.622,17.325,19.103,1.0809,0.7963,2.351
塑膠棧板+重心前移10cm,4.642,17.4,19.13,1.0786,0.8019,2.343
塑膠棧板+重心前移10cm,4.662,17.475,19.157,1.0763,0.8075,2.336
塑膠棧板+重心前移10cm,4.682,17.55,19.185,1.074,0.8131,2.328
塑膠棧板+重心前移10cm,4.702,17.625,19.213,1.0717,0.8188,2.321
塑膠棧板+重心前移10cm,4.722,17.7,19.241,1.0693,0.8245,2.313
塑膠棧板+重心前移10cm,4.742,17.775,19.269,1.067,0.8303,2.305
塑膠棧板+重心前移10cm,4.762,17.85,19.297,1.0647,0.8361,2.297
塑膠棧板+重心前移10cm,4.782,17.925,19.326,1.0624,0.842,2.29
塑膠棧板+重心前移10cm,4.802,18.0,19.354,1.0601,0.8479,2.282
塑膠棧板+重心前移10cm,4.822,18.075,19.383,1.0578,0.8538,2.274
塑膠棧板+重心前移10cm,4.842,18.15,19.412,1.0555,0.8597,2.266
塑膠棧板+重心前移10cm,4.862,18.225,19.441,1.0532,0.8657,2.258
塑膠棧板+重心前移10cm,4.882,18.3,19.469,1.0509,0.8716,2.25
塑膠棧板+重心前移10cm,4.902,18.375,19.498,1.0487,0.8776,2.242
塑膠棧板+重心前移10cm,4.922,18.45,19.527,1.0465,0.8837,2.234
塑膠棧板+重心前移10cm,4.942,18.525,19.556,1.0442,0.8897,2.226
塑膠棧板+重心前移10cm,4.962,18.6,19.585,1.042,0.8958,2.218
塑膠棧板+重心前移10cm,4.982,18.675,19.614,1.0398,0.9018,2.21
塑膠棧板+重心前移10cm,5.002,18.75,19.643,1.0377,0.9079,2.202
塑膠棧板+重心前移10cm,5.022,18.825,19.672,1.0355,0.914,2.194
塑膠棧板+重心前移10cm,5.042,18.9,19.701,1.0334,0.9201,2.185
塑膠棧板+重心前移10cm,5.062,18.975,19.73,1.0313,0.9262,2.177
塑膠棧板+重心前移10cm,5.082,19.05,19.759,1.0292,0.9324,2.169
塑膠棧板+重心前移10cm,5.102,19.125,19.788,1.0271,0.9385,2.161
塑膠棧板+重心前移10cm,5.122,19.2,19.817,1.025,0.9447,2.153
塑膠棧板+重心前移10cm,5.142,19.275,19.846,1.023,0.9508,2.145
塑膠棧板+重心前移10cm,5.162,19.35,19.875,1.021,0.957,2.137
塑膠棧板+重心前移10cm,5.182,19.425,19.904,1.019,0.9632,2.129
塑膠棧板+重心前移10cm,5.202,19.5,19.932,1.017,0.9694,2.12
塑膠棧板+重心前移10cm,5.222,19.575,19.961,1.0151,0.9756,2.112
塑膠棧板+重心前移10cm,5.242,19.65,19.99,1.0131,0.9818,2.104
塑膠棧板+重心前移10cm,5.262,19.725,20.019,1.0112,0.9881,2.096
塑膠棧板+重心前移10cm,5.282,19.8,20.048,1.0093,0.9943,2.088
塑膠棧板+重心前移10cm,5.302,19.875,20.076,1.0075,1.0005,2.079
塑膠棧板+重心前移10cm,5.322,19.95,20.105,1.0056,1.0068,2.071
塑膠棧板+重心前移10cm,5.342,20.025,20.134,1.0038,1.0131,2.063
塑膠棧板+重心前移10cm,5.362,20.1,20.163,1.002,1.0193,2.055
塑膠棧板+重心前移10cm,5.382,20.175,20.191,1.0003,1.0256,2.047
塑膠棧板+重心前移10cm,5.402,20.25,20.22,0.9985,1.0319,2.038
塑膠棧板+重心前移10cm,5.422,20.325,20.249,0.9968,1.0382,2.03
塑膠棧板+重心前移10cm,5.442,20.4,20.277,0.9951,1.0445,2.022
塑膠棧板+重心前移10cm,5.462,20.475,20.306,0.9934,1.0508,2.014
塑膠棧板+重心前移10cm,5.482,20.55,20.334,0.9918,1.0571,2.005
塑膠棧板+重心前移10cm,5.502,20.625,20.363,0.9901,1.0635,1.997
塑膠棧板+重心前移10cm,5.522,20.7,20.391,0.9885,1.0698,1.989
塑膠棧板+重心前移10cm,5.542,20.775,20.42,0.987,1.0762,1.981
塑膠棧板+重心前移10cm,5.562,20.85,20.448,0.9854,1.0825,1.972
塑膠棧板+重心前移10cm,5.582,20.925,20.477,0.9839,1.0889,1.964
塑膠棧板+重心前移10cm,5.602,21.0,20.505,0.9824,1.0953,1.956
塑膠棧板+重心前移10cm,5.622,21.075,20.534,0.981,1.1016,1.948
塑膠棧板+重心前移10cm,5.642,21.15,20.562,0.9795,1.108,1.939
塑膠棧板+重心前移10cm,5.662,21.225,20.59,0.9781,1.1144,1.931
塑膠棧板+重心前移10cm,5.682,21.3,20.619,0.9767,1.1208,1.923
塑膠棧板+重心前移10cm,5.702,21.375,20.647,0.9754,1.1273,1.914
塑膠棧板+重心前移10cm,5.722,21.45,20.675,0.974,1.1337,1.906
塑膠棧板+重心前移10cm,5.742,21.525,20.703,0.9727,1.1401,1.898
塑膠棧板+重心前移10cm,5.762,21.6,20.732,0.9714,1.1465,1.89
塑膠棧板+重心前移10cm,5.782,21.675,20.76,0.9702,1.153,1.881
塑膠棧板+重心前移10cm,5.802,21.75,20.788,0.969,1.1594,1.873
塑膠棧板+重心前移10cm,5.822,21.825,20.816,0.9678,1.1659,1.865
塑膠棧板+重心前移10cm,5.842,21.9,20.844,0.9666,1.1724,1.856
塑膠棧板+重心前移10cm,5.862,21.975,20.872,0.9655,1.1788,1.848
塑膠棧板+重心前移10cm,5.882,22.05,20.9,0.9644,1.1853,1.84
塑膠棧板+重心前移10cm,5.902,22.125,20.928,0.9633,1.1918,1.831
塑膠棧板+重心前移10cm,5.922,22.2,20.956,0.9623,1.1983,1.823
塑膠棧板+重心前移10cm,5.942,22.275,20.984,0.9613,1.2048,1.814
塑膠棧板+重心前移10cm,5.962,22.35,21.012,0.9603,1.2113,1.806
塑膠棧板+重心前移10cm,5.982,22.425,21.04,0.9593,1.2179,1.798
塑膠棧板+重心前移10cm,6.002,22.5,21.068,0.9584,1.2244,1.789
塑膠棧板+重心前移10cm,6.022,22.575,21.096,0.9575,1.2309,1.781
塑膠棧板+重心前移10cm,6.042,22.65,21.124,0.9566,1.2375,1.773
塑膠棧板+重心前移10cm,6.062,22.725,21.152,0.9558,1.244,1.764
塑膠棧板+重心前移10cm,6.082,22.8,21.179,0.955,1.2506,1.756
塑膠棧板+重心前移10cm,6.102,22.875,21.207,0.9542,1.2572,1.747
塑膠棧板+重心前移10cm,6.122,22.95,21.235,0.9535,1.2637,1.739
塑膠棧板+重心前移10cm,6.142,23.025,21.263,0.9528,1.2703,1.731
塑膠棧板+重心前移10cm,6.162,23.1,21.29,0.9521,1.2769,1.722
塑膠棧板+重心前移10cm,6.182,23.175,21.322,0.9379,1.2792,1.749
塑膠棧板+重心前移10cm,6.202,23.25,21.35,0.9412,1.2869,1.731
塑膠棧板+重心前移10cm,6.222,23.325,21.378,0.945,1.295,1.711
塑膠棧板+重心前移10cm,6.242,23.4,21.406,0.947,1.3027,1.695
塑膠棧板+重心前移10cm,6.262,23.475,21.434,0.948,1.3099,1.682
塑膠棧板+重心前移10cm,6.282,23.55,21.462,0.9483,1.3169,1.672
塑膠棧板+重心前移10cm,6.302,23.625,21.49,0.9482,1.3237,1.662
塑膠棧板+重心前移10cm,6.322,23.7,21.517,0.948,1.3304,1.653
塑膠棧板+重心前移10cm,6.342,23.775,21.544,0.9478,1.337,1.645
塑膠棧板+重心前移10cm,6.362,23.85,21.571,0.9475,1.3436,1.636
塑膠棧板+重心前移10cm,6.382,23.925,21.598,0.9472,1.3502,1.628
塑膠棧板+重心前移10cm,6.402,24.0,21.625,0.947,1.3568,1.619
塑膠棧板+重心前移10cm,6.422,24.075,21.656,0.9346,1.3592,1.645
塑膠棧板+重心前移10cm,6.442,24.15,21.683,0.9368,1.3664,1.631
塑膠棧板+重心前移10cm,6.462,24.225,21.71,0.9409,1.3746,1.61
塑膠棧板+重心前移10cm,6.482,24.3,21.738,0.9435,1.3824,1.594
塑膠棧板+重心前移10cm,6.502,24.375,21.765,0.9449,1.3897,1.58
塑膠棧板+重心前移10cm,6.522,24.45,21.793,0.9456,1.3968,1.569
塑膠棧板+重心前移10cm,6.542,24.525,21.82,0.946,1.4036,1.56
塑膠棧板+重心前移10cm,6.562,24.6,21.846,0.9463,1.4104,1.551
塑膠棧板+重心前移10cm,6.582,24.675,21.873,0.9464,1.4171,1.542
塑膠棧板+重心前移10cm,6.602,24.75,21.9,0.9466,1.4237,1.533
塑膠棧板+重心前移10cm,6.622,24.825,21.927,0.9467,1.4304,1.525
塑膠棧板+重心前移10cm,6.642,24.9,21.957,0.9355,1.4327,1.551
塑膠棧板+重心前移10cm,6.662,24.975,21.983,0.9385,1.4401,1.535
塑膠棧板+重心前移10cm,6.682,25.05,22.01,0.9426,1.4483,1.515
塑膠棧板+重心前移10cm,6.702,25.125,22.037,0.9453,1.4562,1.498
塑膠棧板+重心前移10cm,6.722,25.2,22.064,0.9469,1.4635,1.486
塑膠棧板+重心前移10cm,6.742,25.275,22.091,0.9479,1.4706,1.475
塑膠棧板+重心前移10cm,6.762,25.35,22.118,0.9486,1.4775,1.465
塑膠棧板+重心前移10cm,6.782,25.425,22.145,0.9492,1.4843,1.456
塑膠棧板+重心前移10cm,6.802,25.5,22.171,0.9498,1.491,1.447
塑膠棧板+重心前移10cm,6.822,25.575,22.197,0.9503,1.4978,1.439
塑膠棧板+重心前移10cm,6.842,25.65,22.227,0.9406,1.5002,1.463
塑膠棧板+重心前移10cm,6.862,25.725,22.253,0.9432,1.5074,1.449
塑膠棧板+重心前移10cm,6.882,25.8,22.28,0.9474,1.5157,1.429
塑膠棧板+重心前移10cm,6.902,25.875,22.306,0.9504,1.5236,1.413
塑膠棧板+重心前移10cm,6.922,25.95,22.333,0.9523,1.531,1.4
塑膠棧板+重心前移10cm,6.942,26.025,22.36,0.9537,1.5382,1.389
塑膠棧板+重心前移10cm,6.962,26.1,22.386,0.9548,1.5452,1.379
塑膠棧板+重心前移10cm,6.982,26.175,22.413,0.9557,1.552,1.37
塑膠棧板+重心前移10cm,7.002,26.25,22.439,0.9566,1.5588,1.361
塑膠棧板+重心前移10cm,7.022,26.325,22.467,0.9548,1.5645,1.361
塑膠棧板+重心前移10cm,7.042,26.4,22.494,0.9491,1.5678,1.377
塑膠棧板+重心前移10cm,7.062,26.475,22.52,0.9533,1.5759,1.358
塑膠棧板+重心前移10cm,7.082,26.55,22.546,0.9572,1.5841,1.339
塑膠棧板+重心前移10cm,7.102,26.625,22.573,0.9598,1.5919,1.324
塑膠棧板+重心前移10cm,7.122,26.7,22.599,0.9618,1.5993,1.312
塑膠棧板+重心前移10cm,7.142,26.775,22.625,0.9633,1.6064,1.301
塑膠棧板+重心前移10cm,7.162,26.85,22.652,0.9646,1.6134,1.292
塑膠棧板+重心前移10cm,7.182,26.925,22.678,0.9659,1.6203,1.283
塑膠棧板+重心前移10cm,7.202,27.0,22.704,0.9672,1.6271,1.274
塑膠棧板+重心前移10cm,7.222,27.075,22.733,0.9598,1.6294,1.299
塑膠棧板+重心前移10cm,7.242,27.15,22.758,0.9632,1.6369,1.283
塑膠棧板+重心前移10cm,7.262,27.225,22.784,0.9674,1.6453,1.263
塑膠棧板+重心前移10cm,7.282,27.3,22.81,0.9706,1.6533,1.247
塑膠棧板+重心前移10cm,7.302,27.375,22.836,0.9729,1.6608,1.234
塑膠棧板+重心前移10cm,7.322,27.45,22.862,0.9748,1.668,1.223
塑膠棧板+重心前移10cm,7.342,27.525,22.888,0.9765,1.6751,1.214
塑膠棧板+重心前移10cm,7.362,27.6,22.914,0.9782,1.6821,1.204
塑膠棧板+重心前移10cm,7.382,27.675,22.94,0.9797,1.689,1.195
塑膠棧板+重心前移10cm,7.402,27.75,22.968,0.9735,1.6913,1.22
塑膠棧板+重心前移10cm,7.422,27.825,22.993,0.9771,1.6988,1.204
塑膠棧板+重心前移10cm,7.442,27.9,23.019,0.9813,1.7073,1.184
塑膠棧板+重心前移10cm,7.462,27.975,23.045,0.9846,1.7153,1.168
塑膠棧板+重心前移10cm,7.482,28.05,23.071,0.9872,1.7229,1.156
塑膠棧板+重心前移10cm,7.502,28.125,23.097,0.9894,1.7301,1.145
塑膠棧板+重心前移10cm,7.522,28.2,23.123,0.9914,1.7373,1.135
塑膠棧板+重心前移10cm,7.542,28.275,23.149,0.9934,1.7443,1.125
塑膠棧板+重心前移10cm,7.562,28.35,23.177,0.9906,1.7483,1.138
塑膠棧板+重心前移10cm,7.582,28.425,23.202,0.9907,1.7535,1.139
塑膠棧板+重心前移10cm,7.602,28.5,23.228,0.9952,1.7619,1.119
塑膠棧板+重心前移10cm,7.622,28.575,23.253,0.9992,1.7702,1.101
塑膠棧板+重心前移10cm,7.642,28.65,23.279,1.0022,1.778,1.087
塑膠棧板+重心前移10cm,7.662,28.725,23.305,1.0049,1.7855,1.075
塑膠棧板+重心前移10cm,7.682,28.8,23.331,1.0072,1.7927,1.065
塑膠棧板+重心前移10cm,7.702,28.875,23.357,1.0095,1.7998,1.055
塑膠棧板+重心前移10cm,7.722,28.95,23.382,1.0117,1.8068,1.046
塑膠棧板+重心前移10cm,7.742,29.025,23.41,1.0076,1.809,1.07
塑膠棧板+重心前移10cm,7.762,29.1,23.435,1.0117,1.8169,1.053
塑膠棧板+重心前移10cm,7.782,29.175,23.46,1.016,1.8254,1.033
塑膠棧板+重心前移10cm,7.802,29.25,23.486,1.0196,1.8334,1.018
塑膠棧板+重心前移10cm,7.822,29.325,23.512,1.0226,1.841,1.005
塑膠棧板+重心前移10cm,7.842,29.4,23.537,1.0252,1.8483,0.994
塑膠棧板+重心前移10cm,7.862,29.475,23.563,1.0278,1.8555,0.984
塑膠棧板+重心前移10cm,7.882,29.55,23.588,1.0303,1.8626,0.975
塑膠棧板+重心前移10cm,7.902,29.625,23.616,1.0274,1.8653,0.996
塑膠棧板+重心前移10cm,7.922,29.7,23.64,1.0306,1.8723,0.985
塑膠棧板+重心前移10cm,7.942,29.775,23.665,1.0352,1.8809,0.965
塑膠棧板+重心前移10cm,7.962,29.85,23.691,1.0391,1.8891,0.948
塑膠棧板+重心前移10cm,7.982,29.925,23.716,1.0424,1.8968,0.935
塑膠棧板+重心前移10cm,8.002,30.0,23.741,1.0454,1.9043,0.924
塑膠棧板+重心前移10cm,8.022,30.075,23.766,1.0482,1.9115,0.914
塑膠棧板+重心前移10cm,8.042,30.15,23.792,1.0509,1.9186,0.904
塑膠棧板+重心前移10cm,8.062,30.225,23.819,1.0497,1.9221,0.92
塑膠棧板+重心前移10cm,8.082,30.3,23.844,1.0519,1.9282,0.916
塑膠棧板+重心前移10cm,8.102,30.375,23.868,1.0566,1.9368,0.896
塑膠棧板+重心前移10cm,8.122,30.45,23.894,1.0607,1.9452,0.878
塑膠棧板+重心前移10cm,8.142,30.525,23.919,1.0643,1.953,0.864
塑膠棧板+重心前移10cm,8.162,30.6,23.944,1.0675,1.9606,0.853
塑膠棧板+重心前移10cm,8.182,30.675,23.969,1.0706,1.9679,0.842
塑膠棧板+重心前移10cm,8.202,30.75,23.994,1.0736,1.975,0.833
塑膠棧板+重心前移10cm,8.222,30.825,24.021,1.0736,1.9792,0.844
塑膠棧板+重心前移10cm,8.242,30.9,24.046,1.0755,1.9846,0.845
塑膠棧板+重心前移10cm,8.262,30.975,24.07,1.0802,1.9932,0.825
塑膠棧板+重心前移10cm,8.282,31.05,24.095,1.0845,2.0017,0.807
塑膠棧板+重心前移10cm,8.302,31.125,24.12,1.0882,2.0096,0.793
塑膠棧板+重心前移10cm,8.322,31.2,24.145,1.0917,2.0172,0.781
塑膠棧板+重心前移10cm,8.342,31.275,24.169,1.095,2.0245,0.771
塑膠棧板+重心前移10cm,8.362,31.35,24.194,1.0982,2.0318,0.761
塑膠棧板+重心前移10cm,8.382,31.425,24.221,1.0994,2.0367,0.767
塑膠棧板+重心前移10cm,8.402,31.5,24.246,1.1009,2.0413,0.773
塑膠棧板+重心前移10cm,8.422,31.575,24.27,1.1057,2.0499,0.754
塑膠棧板+重心前移10cm,8.442,31.65,24.295,1.1101,2.0585,0.736
塑膠棧板+重心前移10cm,8.462,31.725,24.319,1.114,2.0665,0.721
塑膠棧板+重心前移10cm,8.482,31.8,24.344,1.1177,2.0742,0.709
塑膠棧板+重心前移10cm,8.502,31.875,24.369,1.1212,2.0816,0.699
塑膠棧板+重心前移10cm,8.522,31.95,24.393,1.1246,2.0888,0.689
塑膠棧板+重心前移10cm,8.542,32.025,24.419,1.1263,2.0938,0.695
塑膠棧板+重心前移10cm,8.562,32.1,24.444,1.1283,2.0984,0.701
塑膠棧板+重心前移10cm,8.582,32.175,24.469,1.1331,2.1072,0.681
塑膠棧板+重心前移10cm,8.602,32.25,24.493,1.1376,2.1158,0.663
塑膠棧板+重心前移10cm,8.622,32.325,24.518,1.1417,2.1239,0.649
塑膠棧板+重心前移10cm,8.642,32.4,24.542,1.1455,2.1315,0.637
塑膠棧板+重心前移10cm,8.662,32.475,24.566,1.1491,2.1389,0.626
塑膠棧板+重心前移10cm,8.682,32.55,24.59,1.1527,2.1462,0.616
塑膠棧板+重心前移10cm,8.702,32.625,24.617,1.1544,2.1504,0.627
塑膠棧板+重心前移10cm,8.722,32.7,24.641,1.1574,2.1561,0.627
塑膠棧板+重心前移10cm,8.742,32.775,24.666,1.1623,2.1649,0.607
塑膠棧板+重心前移10cm,8.762,32.85,24.69,1.1669,2.1736,0.589
塑膠棧板+重心前移10cm,8.782,32.925,24.715,1.171,2.1817,0.575
塑膠棧板+重心前移10cm,8.802,33.0,24.739,1.175,2.1894,0.563
塑膠棧板+重心前移10cm,8.822,33.075,24.763,1.1789,2.1969,0.553
塑膠棧板+重心前移10cm,8.842,33.15,24.787,1.1827,2.2043,0.543
塑膠棧板+重心前移10cm,8.862,33.225,24.814,1.1845,2.2075,0.56
塑膠棧板+重心前移10cm,8.882,33.3,24.838,1.1885,2.2145,0.551
塑膠棧板+重心前移10cm,8.902,33.375,24.863,1.1935,2.2236,0.531
塑膠棧板+重心前移10cm,8.922,33.45,24.887,1.198,2.2322,0.514
塑膠棧板+重心前移10cm,8.942,33.525,24.912,1.2023,2.2403,0.5
塑膠棧板+重心前移10cm,8.962,33.6,24.936,1.2065,2.2481,0.488
塑膠棧板+重心前移10cm,8.982,33.675,24.96,1.2105,2.2556,0.478
塑膠棧板+重心前移10cm,9.002,33.75,24.985,1.2146,2.2631,0.468
塑膠棧板+重心前移10cm,9.022,33.825,25.011,1.2168,2.2656,0.489
塑膠棧板+重心前移10cm,9.042,33.9,25.036,1.2216,2.2742,0.471
塑膠棧板+重心前移10cm,9.062,33.975,25.06,1.2265,2.2832,0.452
塑膠棧板+重心前移10cm,9.082,34.05,25.084,1.2311,2.2917,0.437
塑膠棧板+重心前移10cm,9.102,34.125,25.109,1.2355,2.2997,0.424
塑膠棧板+重心前移10cm,9.122,34.2,25.133,1.2398,2.3075,0.412
塑膠棧板+重心前移10cm,9.142,34.275,25.157,1.244,2.315,0.402
塑膠棧板+重心前移10cm,9.162,34.35,25.184,1.2471,2.3188,0.416
塑膠棧板+重心前移10cm,9.182,34.425,25.208,1.2514,2.3255,0.41
塑膠棧板+重心前移10cm,9.202,34.5,25.233,1.2564,2.3347,0.39
塑膠棧板+重心前移10cm,9.222,34.575,25.257,1.2612,2.3435,0.372
塑膠棧板+重心前移10cm,9.242,34.65,25.281,1.2658,2.3518,0.358
塑膠棧板+重心前移10cm,9.262,34.725,25.306,1.2703,2.3598,0.346
塑膠棧板+重心前移10cm,9.282,34.8,25.33,1.2747,2.3675,0.335
塑膠棧板+重心前移10cm,9.302,34.875,25.355,1.2792,2.3751,0.325
塑膠棧板+重心前移10cm,9.322,34.95,25.381,1.2826,2.3777,0.346
塑膠棧板+重心前移10cm,9.342,35.025,25.405,1.2876,2.3866,0.327
塑膠棧板+重心前移10cm,9.362,35.1,25.429,1.2926,2.3958,0.308
塑膠棧板+重心前移10cm,9.382,35.175,25.453,1.2974,2.4044,0.292
塑膠棧板+重心前移10cm,9.402,35.25,25.478,1.3021,2.4125,0.28
塑膠棧板+重心前移10cm,9.422,35.325,25.502,1.3067,2.4203,0.268
塑膠棧板+重心前移10cm,9.442,35.4,25.526,1.3113,2.428,0.258
塑膠棧板+重心前移10cm,9.462,35.475,25.552,1.3153,2.4311,0.276
塑膠棧板+重心前移10cm,9.482,35.55,25.576,1.3201,2.439,0.263
塑膠棧板+重心前移10cm,9.502,35.625,25.601,1.3252,2.4483,0.243
塑膠棧板+重心前移10cm,9.522,35.7,25.625,1.3301,2.4572,0.226
塑膠棧板+重心前移10cm,9.542,35.775,25.649,1.3349,2.4655,0.213
塑膠棧板+重心前移10cm,9.562,35.85,25.673,1.3397,2.4735,0.201
塑膠棧板+重心前移10cm,9.582,35.925,25.697,1.3445,2.4813,0.19
塑膠棧板+重心前移10cm,9.602,36.0,25.723,1.349,2.4859,0.199
塑膠棧板+重心前移10cm,9.622,36.075,25.748,1.3538,2.4919,0.198
塑膠棧板+重心前移10cm,9.642,36.15,25.772,1.3589,2.5013,0.178
塑膠棧板+重心前移10cm,9.662,36.225,25.796,1.364,2.5104,0.16
塑膠棧板+重心前移10cm,9.682,36.3,25.82,1.3689,2.5189,0.145
塑膠棧板+重心前移10cm,9.702,36.375,25.844,1.3738,2.5271,0.132
塑膠棧板+重心前移10cm,9.722,36.45,25.868,1.3787,2.535,0.121
塑膠棧板+重心前移10cm,9.742,36.525,25.893,1.3836,2.5415,0.119
塑膠棧板+重心前移10cm,9.762,36.6,25.918,1.3886,2.5455,0.13
塑膠棧板+重心前移10cm,9.782,36.675,25.942,1.3938,2.5548,0.111
塑膠棧板+重心前移10cm,9.802,36.75,25.966,1.3988,2.5641,0.092
塑膠棧板+重心前移10cm,9.822,36.825,25.99,1.4039,2.5728,0.077
塑膠棧板+重心前移10cm,9.842,36.9,26.014,1.4089,2.581,0.064
塑膠棧板+重心前移10cm,9.862,36.975,26.038,1.4139,2.589,0.052
塑膠棧板+重心前移10cm,9.882,37.05,26.062,1.419,2.5968,0.041
塑膠棧板+重心前移10cm,9.902,37.125,26.088,1.4244,2.5996,0.061
塑膠棧板+重心前移10cm,9.922,37.2,26.111,1.4296,2.6086,0.043
塑膠棧板+重心前移10cm,9.942,37.275,26.135,1.4347,2.618,0.024
塑膠棧板+重心前移10cm,9.962,37.35,26.159,1.4398,2.6269,0.008
塑膠棧板+重心前移10cm,9.982,37.425,26.178,1.443,2.6347,0.0
塑膠棧板+重心前移10cm,10.002,37.5,26.19,1.4437,2.6412,0.001
塑膠棧板+重心前移10cm,10.022,37.575,26.201,1.4437,2.6471,0.001
塑膠棧板+重心前移10cm,10.042,37.65,26.21,1.4433,2.6528,0.001
塑膠棧板+重心前移10cm,10.062,37.725,26.219,1.4426,2.6585,0.001
塑膠棧板+重心前移10cm,10.082,37.8,26.228,1.4415,2.6643,0.001
塑膠棧板+重心前移10cm,10.102,37.875,26.236,1.4402,2.6702,0.001
塑膠棧板+重心前移10cm,10.122,37.95,26.244,1.4387,2.6761,0.001
塑膠棧板+重心前移10cm,10.142,38.025,26.253,1.4371,2.6824,0.001
塑膠棧板+重心前移10cm,10.162,38.1,26.263,1.4291,2.6902,0.009
塑膠棧板+重心前移10cm,10.182,38.175,26.271,1.424,2.6972,0.0
塑膠棧板+重心前移10cm,10.202,38.25,26.278,1.4232,2.705,0.001
塑膠棧板+重心前移10cm,10.222,38.325,26.286,1.4222,2.7131,0.001
塑膠棧板+重心前移10cm,10.242,38.4,26.296,1.4209,2.7213,0.001
塑膠棧板+重心前移10cm,10.262,38.475,26.307,1.4101,2.7377,0.007
塑膠棧板+重心前移10cm,10.282,38.55,26.32,1.3987,2.7492,0.0
塑膠棧板+重心前移10cm,10.302,38.625,26.328,1.3973,2.758,0.002
塑膠棧板+重心前移10cm,10.322,38.7,26.338,1.3965,2.7668,0.002
塑膠棧板+重心前移10cm,10.342,38.775,26.349,1.3953,2.7758,0.001
塑膠棧板+重心前移10cm,10.362,38.85,26.361,1.3838,2.795,0.002
塑膠棧板+重心前移10cm,10.382,38.925,26.38,1.3742,2.8107,0.02
塑膠棧板+重心前移10cm,10.402,39.0,26.396,1.3714,2.8236,0.012
塑膠棧板+重心前移10cm,10.422,39.075,26.412,1.3577,2.8477,0.003
塑膠棧板+重心前移10cm,10.442,39.15,26.426,1.3521,2.8626,0.0
塑膠棧板+重心前移10cm,10.462,39.225,26.446,1.3432,2.8774,0.023
塑膠棧板+重心前移10cm,10.482,39.3,26.461,1.3356,2.8954,0.015
塑膠棧板+重心前移10cm,10.502,39.375,26.478,1.3268,2.915,0.006
塑膠棧板+重心前移10cm,10.522,39.45,26.494,1.3187,2.9331,0.0
塑膠棧板+重心前移10cm,10.542,39.525,26.511,1.3071,2.9478,0.002
塑膠棧板+重心前移10cm,10.562,39.6,26.523,1.3048,2.9583,0.001
塑膠棧板+重心前移10cm,10.582,39.675,26.536,1.304,2.9689,0.0
塑膠棧板+重心前移10cm,10.602,39.75,26.55,1.3013,2.9813,0.0
塑膠棧板+重心前移10cm,10.622,39.825,26.567,1.2716,3.0157,0.001
塑膠棧板+重心前移10cm,10.642,39.9,26.582,1.2648,3.0305,0.001
塑膠棧板+重心前移10cm,10.662,39.975,26.595,1.2641,3.0408,0.0
塑膠棧板+重心前移10cm,10.682,40.05,26.609,1.2636,3.0509,0.0
塑膠棧板+重心前移10cm,10.702,40.125,26.623,1.2611,3.0628,0.001
塑膠棧板+重心前移10cm,10.722,40.2,26.645,1.2368,3.0907,0.039
塑膠棧板+重心前移10cm,10.742,40.275,26.664,1.2339,3.1059,0.03
塑膠棧板+重心前移10cm,10.762,40.35,26.681,1.2332,3.1194,0.017
塑膠棧板+重心前移10cm,10.782,40.425,26.699,1.2143,3.1475,0.016
塑膠棧板+重心前移10cm,10.802,40.5,26.714,1.2102,3.1576,0.007
塑膠棧板+重心前移10cm,10.822,40.575,26.729,1.2097,3.1672,0.018
塑膠棧板+重心前移10cm,10.842,40.65,26.745,1.2088,3.1804,0.011
塑膠棧板+重心前移10cm,10.862,40.725,26.764,1.1825,3.2168,0.015
塑膠棧板+重心前移10cm,10.882,40.8,26.78,1.1749,3.2294,0.009
塑膠棧板+重心前移10cm,10.902,40.875,26.795,1.1744,3.2414,0.008
塑膠棧板+重心前移10cm,10.922,40.95,26.811,1.174,3.2538,0.004
塑膠棧板+重心前移10cm,10.942,41.025,26.829,1.159,3.2806,0.001
塑膠棧板+重心前移10cm,10.962,41.1,26.849,1.1398,3.3032,0.004
塑膠棧板+重心前移10cm,10.982,41.175,26.864,1.1382,3.3159,0.003
塑膠棧板+重心前移10cm,11.002,41.25,26.88,1.1379,3.3282,0.001
塑膠棧板+重心前移10cm,11.022,41.325,26.897,1.1341,3.3439,0.0
塑膠棧板+重心前移10cm,11.042,41.4,26.918,1.1038,3.3807,0.002
塑膠棧板+重心前移10cm,11.062,41.475,26.934,1.0985,3.3965,0.001
塑膠棧板+重心前移10cm,11.082,41.55,26.951,1.098,3.4086,0.0
塑膠棧板+重心前移10cm,11.102,41.625,26.968,1.0975,3.4207,0.0
塑膠棧板+重心前移10cm,11.122,41.7,26.988,1.0777,3.4495,0.0
塑膠棧板+重心前移10cm,11.142,41.775,27.007,1.065,3.4703,0.002
塑膠棧板+重心前移10cm,11.162,41.85,27.023,1.0639,3.4834,0.001
塑膠棧板+重心前移10cm,11.182,41.925,27.04,1.0635,3.496,0.0
塑膠棧板+重心前移10cm,11.202,42.0,27.06,1.0463,3.5232,0.012
塑膠棧板+重心前移10cm,11.222,42.075,27.087,1.0297,3.5492,0.035
塑膠棧板+重心前移10cm,11.242,42.15,27.108,1.0291,3.5653,0.022
塑膠棧板+重心前移10cm,11.262,42.225,27.129,1.0141,3.5944,0.004
塑膠棧板+重心前移10cm,11.282,42.3,27.15,1.0005,3.6159,0.0
塑膠棧板+重心前移10cm,11.302,42.375,27.166,0.9994,3.6271,0.015
塑膠棧板+重心前移10cm,11.322,42.45,27.184,0.9994,3.6409,0.01
塑膠棧板+重心前移10cm,11.342,42.525,27.204,0.9842,3.6701,0.005
塑膠棧板+重心前移10cm,11.362,42.6,27.225,0.9644,3.6952,0.005
塑膠棧板+重心前移10cm,11.382,42.675,27.242,0.9629,3.7092,0.005
塑膠棧板+重心前移10cm,11.402,42.75,27.26,0.9627,3.7229,0.003
塑膠棧板+重心前移10cm,11.422,42.825,27.279,0.9509,3.7481,0.001
塑膠棧板+重心前移10cm,11.442,42.9,27.302,0.9246,3.7814,0.002
塑膠棧板+重心前移10cm,11.462,42.975,27.319,0.9222,3.7962,0.001
塑膠棧板+重心前移10cm,11.482,43.05,27.337,0.9219,3.8093,0.0
塑膠棧板+重心前移10cm,11.502,43.125,27.356,0.916,3.828,0.0
塑膠棧板+重心前移10cm,11.522,43.2,27.378,0.8905,3.8604,0.002
塑膠棧板+重心前移10cm,11.542,43.275,27.396,0.8876,3.8757,0.001
塑膠棧板+重心前移10cm,11.562,43.35,27.414,0.8873,3.8891,0.0
塑膠棧板+重心前移10cm,11.582,43.425,27.433,0.8814,3.9081,0.0
塑膠棧板+重心前移10cm,11.602,43.5,27.46,0.8541,3.9429,0.037
塑膠棧板+重心前移10cm,11.622,43.575,27.484,0.8522,3.9609,0.026
塑膠棧板+重心前移10cm,11.642,43.65,27.505,0.8469,3.9823,0.014
塑膠棧板+重心前移10cm,11.662,43.725,27.528,0.8243,4.0154,0.011
塑膠棧板+重心前移10cm,11.682,43.8,27.546,0.8219,4.0268,0.013
塑膠棧板+重心前移10cm,11.702,43.875,27.564,0.822,4.0409,0.01
塑膠棧板+重心前移10cm,11.722,43.95,27.584,0.8163,4.0613,0.005
塑膠棧板+重心前移10cm,11.742,44.025,27.607,0.788,4.0971,0.002
塑膠棧板+重心前移10cm,11.762,44.1,27.625,0.7844,4.1125,0.005
塑膠棧板+重心前移10cm,11.782,44.175,27.643,0.7843,4.1266,0.003
塑膠棧板+重心前移10cm,11.802,44.25,27.662,0.7806,4.1444,0.001
塑膠棧板+重心前移10cm,11.822,44.325,27.685,0.7483,4.1852,0.002
塑膠棧板+重心前移10cm,11.842,44.4,27.704,0.7429,4.2029,0.001
塑膠棧板+重心前移10cm,11.862,44.475,27.722,0.7427,4.2164,0.0
塑膠棧板+重心前移10cm,11.882,44.55,27.741,0.7424,4.23,0.0
塑膠棧板+重心前移10cm,11.902,44.625,27.764,0.716,4.2655,0.001
塑膠棧板+重心前移10cm,11.922,44.7,27.783,0.7079,4.2849,0.001
塑膠棧板+重心前移10cm,11.942,44.775,27.801,0.7075,4.2989,0.0
塑膠棧板+重心前移10cm,11.962,44.85,27.82,0.7073,4.3127,0.0
塑膠棧板+重心前移10cm,11.982,44.925,27.843,0.683,4.347,0.001
